-- MySQL dump 10.13  Distrib 5.6.39, for Linux (x86_64)
--
-- Host: localhost    Database: ittg_vinculacion
-- ------------------------------------------------------
-- Server version	5.6.39-cll-lve

/*!40101 SET @OLD_CHARACTER_SET_CLIENT=@@CHARACTER_SET_CLIENT */;
/*!40101 SET @OLD_CHARACTER_SET_RESULTS=@@CHARACTER_SET_RESULTS */;
/*!40101 SET @OLD_COLLATION_CONNECTION=@@COLLATION_CONNECTION */;
/*!40101 SET NAMES utf8 */;
/*!40103 SET @OLD_TIME_ZONE=@@TIME_ZONE */;
/*!40103 SET TIME_ZONE='+00:00' */;
/*!40014 SET @OLD_UNIQUE_CHECKS=@@UNIQUE_CHECKS, UNIQUE_CHECKS=0 */;
/*!40014 SET @OLD_FOREIGN_KEY_CHECKS=@@FOREIGN_KEY_CHECKS, FOREIGN_KEY_CHECKS=0 */;
/*!40101 SET @OLD_SQL_MODE=@@SQL_MODE, SQL_MODE='NO_AUTO_VALUE_ON_ZERO' */;
/*!40111 SET @OLD_SQL_NOTES=@@SQL_NOTES, SQL_NOTES=0 */;

--
-- Table structure for table `companies`
--

DROP TABLE IF EXISTS `companies`;
/*!40101 SET @saved_cs_client     = @@character_set_client */;
/*!40101 SET character_set_client = utf8 */;
CREATE TABLE `companies` (
  `id` int(10) unsigned NOT NULL AUTO_INCREMENT,
  `name` varchar(255) COLLATE utf8_unicode_ci NOT NULL,
  `sector` varchar(255) COLLATE utf8_unicode_ci NOT NULL,
  `rfc` varchar(255) COLLATE utf8_unicode_ci NOT NULL,
  `address` varchar(255) COLLATE utf8_unicode_ci NOT NULL,
  `phone` varchar(255) COLLATE utf8_unicode_ci NOT NULL,
  `director` varchar(255) COLLATE utf8_unicode_ci NOT NULL,
  `contact` varchar(255) COLLATE utf8_unicode_ci NOT NULL,
  `period` varchar(255) COLLATE utf8_unicode_ci NOT NULL,
  `user_id` int(10) unsigned NOT NULL,
  `created_at` timestamp NULL DEFAULT NULL,
  `updated_at` timestamp NULL DEFAULT NULL,
  PRIMARY KEY (`id`)
) ENGINE=InnoDB AUTO_INCREMENT=49 DEFAULT CHARSET=utf8 COLLATE=utf8_unicode_ci;
/*!40101 SET character_set_client = @saved_cs_client */;

--
-- Dumping data for table `companies`
--

LOCK TABLES `companies` WRITE;
/*!40000 ALTER TABLE `companies` DISABLE KEYS */;
INSERT INTO `companies` VALUES (3,'CANACINTRA','Comercio','0000000000000000','Centro','0000000000000','Ing. Juan Pablo Cañaveral Constantino','Ing. Juan Pablo Cañaveral Constantino','',93,'2017-08-30 23:46:33','2017-08-30 23:46:33'),(4,'CANACO','Gobierno','000000000000000','centro','9616139712','Ing. Oscar Corzo Tovilla','Ing. Oscar Corzo Tovilla','',94,'2017-08-30 23:50:17','2017-08-30 23:50:17'),(5,'Bit Zero S.A.','Comercio','00000000000000','Centro','9612255126','Ing. Raul Paredes Trinidad','Ing. Raul Paredes Trinidad','',95,'2017-08-30 23:53:38','2017-08-30 23:53:38'),(6,'Cerveceria Mactezuma Fanquicia Chiapas','Comercio','000000000000','Centro','9611121427','Ing. Antonio Escobar Marroquin','Ing. Antonio Escobar Marroquin','',96,'2017-08-30 23:58:29','2017-08-30 23:58:29'),(7,'Soluciones en Tecnologías','Comercio','LOTJ-740222-NL2','Avenida Herradura #240, Fracc. Loma Real.','+52 (961) 121-0756','Javier López Trinidad','Lic. Miguel Pérez Guillen','',97,'2017-08-31 00:21:05','2018-05-05 14:59:20'),(8,'UNACH Coordinador académico Ing. en sistemas computacionales ','Gobierno','000000000000','Bulevar Belisario Dominguez','9616549875','Dr. Luis Alejandro Trujillo Santos','Lic. Esteban Ordoñez','',98,'2017-08-31 00:25:21','2017-08-31 00:25:21'),(9,'Hibridas','Comercio','000000000000000000','Colonia Cen, Calle Central Local # 196','9611425704','Ing. Dilian Morales Santiago','Lic. Jose miguel Lobos Santiago','',99,'2017-08-31 00:40:37','2017-08-31 00:40:37'),(10,'Comencializadora Part','Comercio','00000000000000000','Centro','9612155181','Mtra. Lorena Rojas Nucamendi','Lic. Diana Laura Simon cigarroa','',100,'2017-08-31 00:48:32','2017-08-31 00:48:32'),(11,'SECRETARIA DE SALUD DEL EDO. DE CHIAPAS','Salud','00000000000000','ceNTRO','9612332915','Ing. Christian Rodolfo Nuñez Gamas','Lic. Jose Iber Galindo Solís','',101,'2017-08-31 00:53:05','2017-08-31 00:53:05'),(12,'Universidad Pablo Guardado Chavez','Educación','0000000000000','Colonia Belen, 16 pnte. Sur #1722 entre 15 y 16 Sur Pnte.','6141112 111','C.P. Jose Antonio','C.P. Pablo Antonio Ortiz Alborez','',102,'2017-08-31 00:57:06','2017-08-31 00:57:06'),(13,'Desarrollo social y Educativo Municipal Tuxtla Gutiérrez','Agropecuario','000000000','Centro','9616125511 3202','Dr. Jose Robledo Robles','Dr. Roger Cacerez Rodas','',103,'2017-08-31 01:00:52','2017-08-31 01:00:52'),(14,'Secretaria de Protección Civil del Estado de Chiapas','Gobierno','0000000000000','Centro','9616938574','Ing. Francisco de Jesus Lobos Lobos','Ing. Milton de Jesus Flores Torres ','',104,'2017-08-31 01:03:39','2017-08-31 01:03:39'),(15,'Secretaria de Turismo','Gobierno','GEC8501013X9','Boulevard Andres Serra Rojas No. 1090 Edificio Torre Chiapas Nivel 5, Paso Limón','9611444326','Lic. Mario Uvence Rojas','Ing. Rodolfo Yañez Medina','',105,'2017-08-31 01:05:48','2017-10-03 00:56:35'),(17,'Softec','Comercio','kjkshf354532','COLONIA BELEN','9613520148','Ing. Anibal Gutiérrez','Dulce Berenice López Vázquez','',117,'2017-09-03 23:38:36','2017-09-03 23:38:36'),(18,'Comercializadora Fotografica de Chiapas S.A. de C.V.','Comercio','0000000','8a pnte norte #118','9616114716','Ricardo Martin','Ricardo Martin','',150,'2017-09-05 23:53:44','2017-09-05 23:53:44'),(19,'Comercializadora Farmaceutica y Hospitalaria AMITAI S.A. de C.V.','Comercio','0000000','Boulevard dos Manzanas 9 No. Calle11','9616139119','AMITAI','AMITAI','',151,'2017-09-05 23:57:52','2017-09-05 23:57:52'),(20,'Comercializadora y suministros mercantiles MAYA S.A. de C.V.','Comercio','0000000','Rio rafael seivas no. 550','9611250759','Comercializadora','Comercializadora','',152,'2017-09-05 23:59:53','2017-09-05 23:59:53'),(21,'Textiles Comunicaciones y Seguridaad S.A. de C.V.','Comercio','00000','Rosarios castellanos No. 605 Tuxtla Gtz.','9616045035','Textiles','Textiles','',153,'2017-09-06 00:05:07','2017-09-06 00:05:07'),(22,'Hoteles Ruby S.A. de C.V.','Turismo','00000','1 Norte Orinte No. 546','9616133767','Hoteles Ruby','Hoteles Ruby','',155,'2017-09-06 00:08:38','2017-09-06 00:08:38'),(23,'Servicios Especializados para la Construcción CASBEC S.A. de C.V.','Contrucción','00000','15 pnte norte No. 257','9611215024','CASBEC','CASBEC','',156,'2017-09-06 00:12:08','2017-09-06 00:12:08'),(24,'Ingenieros Civiles  Gutierrez y Avila S.A. de C.V.','Comercio','00000','17 Oriente sur No. 1047','9611161538','Ingenieros Civiles','Ingenieros Civiles','',158,'2017-09-06 00:16:22','2017-09-06 00:16:22'),(25,'Consultoria Técnica Avanzada S.A. de C.V.','Comercio','00000','13 Nte. Oriente No.1231','9616163018','Consultoria Técnica Avanzada','Consultoria Técnica Avanzada','',159,'2017-09-06 00:20:15','2017-09-06 00:20:15'),(26,'GIB INDUSTRIES S.A. DE C.V.','Contrucción','00000','6ta Norte No. 635','9611655957','GIB INDUSTRIES','GIB INDUSTRIES','',161,'2017-09-06 00:23:04','2017-09-06 00:23:04'),(27,'COMERCIAL IAC S.A. DE C.V.','Comercio','00000','Central Sur No. 254','9616131326','COMERCIAL IAC ','COMERCIAL IAC ','',162,'2017-09-06 00:27:20','2017-09-06 01:49:02'),(28,'COMERCIAL PATROL S.A. DE C.V.','Comercio','00000','5a nte pnt. No. 1117','9611026148','COMERCIAL PATROL','COMERCIAL PATROL','',163,'2017-09-06 00:35:16','2017-09-06 00:35:16'),(29,'Proyectos de Ingenieria OAC, S.A. de C.V.','Comercio','00000','Av. las gladiolas No. 747','9616566216','OAC','OAC','',164,'2017-09-06 00:43:16','2017-09-06 00:43:16'),(30,'Balum Canan Hotel y Restaurante S.A. de C.V.','Turismo','00000','Central Oriente No. 944','9616123050','Balum Canan Hotel y Restaurante','Balum Canan Hotel y Restaurante','',166,'2017-09-06 00:48:12','2017-09-06 00:48:12'),(31,'Computer delfines S.A. de C.V. ','Comercio','00000','6a nte pnt. Non. 1884','9616566216','Computer delfines','Computer delfines','',167,'2017-09-06 00:53:41','2017-09-06 00:53:41'),(32,'Comercialización y Construcción Especializada del Suureste S.A. de C.V.','Comercio','00000','2da sur pnte No. 1419','9616145432','Comercialización y Construcción ','Comercialización y Construcción ','',168,'2017-09-06 00:58:34','2017-09-06 00:58:34'),(33,'Inmobiliaria y Servicios de Costeo S.A. de C.V','Comercio','00000','Belisario Dominguez No.1681','000000000','Inmobiliaria y Servicios de Costeo','Inmobiliaria y Servicios de Costeo','',169,'2017-09-06 01:04:11','2017-09-06 01:04:11'),(34,'Comercializadora y Construciones ZUMA','Comercio','00000','Av. 1a sur pnte. No. 455','9616153652','Comercializadora y Construciones ZUMA','Comercializadora y Construciones ZUMA','',170,'2017-09-06 01:06:27','2017-09-06 01:06:27'),(35,'Ing. y Proyectistas del Sur S.A. de C.V.','Contrucción','00000','15 pnte norte No. 170','000000000','Ing. y Proyectistas del Sur','Ing. y Proyectistas del Sur','',171,'2017-09-06 01:11:25','2017-09-06 01:11:25'),(36,'INFRAMEX Y DIVISIÓN INTEGRAL DE INGENIERIA S.A. DE C.V.','Contrucción','00000','Aguila de Chiapas No. 210','9611723463','INFRAMEX','INFRAMEX','',172,'2017-09-06 01:14:45','2017-09-06 01:14:45'),(37,'Servicios Hoteleros y Alimentarios RYSI S.A. de C.V.','Turismo','00000','1ra sur pnte No. 105','9511326866','Servicios Hoteleros y Alimentarios','Servicios Hoteleros y Alimentarios','',173,'2017-09-06 01:18:27','2017-09-06 01:18:27'),(38,'Impulso en Comunicación de Imagen S.A. de C.V.','Comercio','00000','Calle sepia No. 239','9611257441','Impulso en Comunicación de Imagen ','Impulso en Comunicación de Imagen ','',174,'2017-09-06 01:23:02','2017-09-06 01:23:02'),(39,'Servicios Industriales y Proyectos de México SERIMEX S.A. de C.v.','Comercio','00000','Av. Montes azules no.578','9616113006','SERIMEX','SERIMEX','',175,'2017-09-06 01:26:59','2017-09-06 01:26:59'),(40,'GORSA OBRAS CIVILES S.A. DE C.V.','Contrucción','00000','3sur pnte no.1042','9616134664','GORSA OBRAS CIVILES ','GORSA OBRAS CIVILES ','',176,'2017-09-06 01:29:47','2017-09-06 01:29:47'),(41,'Grupo Integrador TOVILLA S.A. de C.V.','Comercio','00000','Av. Comitan no.360','9611173995','TOVILLA','TOVILLA','',177,'2017-09-06 01:31:58','2017-09-06 01:31:58'),(42,'Grupo Sonar del Sureste S.A. de C.V','Comercio','00000','Central pnt no. 1124','9612640942','Grupo Sonar del Sureste ','Grupo Sonar del Sureste ','',178,'2017-09-06 01:35:50','2017-09-06 01:35:50'),(43,'LA VENTA CONSTRUCCIONES S.A. DE C.V.','Contrucción','00000','El monte no.156 Tuxtla Gtz','9616901975','LA VENTA CONSTRUCCIONES','LA VENTA CONSTRUCCIONES','',179,'2017-09-06 01:38:44','2017-09-06 01:38:44'),(44,'URBINA ELECTRONICOS S.A. DE C.V.','Comercio','00000','6ta av. sur pnte no. 141','9616385429','URBINA','URBINA','',180,'2017-09-06 01:42:00','2017-09-06 01:42:00'),(45,'prueba','Agropecuario','p','p','p','p','p','',204,'2017-11-06 07:50:38','2017-11-06 07:50:38'),(46,'Instituto de Salud ','Gobierno','ISA961203QN5','UNIDAD ADMINISTRATIVA, EDIFICIO \"C\" No. S/N','9616189250','Dr. Francisco Ortega Farrera ','Ing. Christian R. Nuñez Gamas','',205,'2017-12-23 02:42:36','2017-12-23 02:42:36'),(47,'prueba','Agropecuario','0000000000','conocido','0000000000','n/a','aajsadk','',220,'2018-03-06 14:47:41','2018-03-06 14:47:41'),(48,'Sergio','Agropecuario','5465456454','654654654','654654654','564654654','654654564','',315,'2018-11-09 23:08:06','2018-11-09 23:08:06');
/*!40000 ALTER TABLE `companies` ENABLE KEYS */;
UNLOCK TABLES;

--
-- Table structure for table `conversations`
--

DROP TABLE IF EXISTS `conversations`;
/*!40101 SET @saved_cs_client     = @@character_set_client */;
/*!40101 SET character_set_client = utf8 */;
CREATE TABLE `conversations` (
  `id` int(10) unsigned NOT NULL AUTO_INCREMENT,
  `user_one` int(11) NOT NULL,
  `user_two` int(11) NOT NULL,
  `status` tinyint(1) NOT NULL,
  `created_at` timestamp NULL DEFAULT NULL,
  `updated_at` timestamp NULL DEFAULT NULL,
  PRIMARY KEY (`id`)
) ENGINE=InnoDB AUTO_INCREMENT=5 DEFAULT CHARSET=utf8 COLLATE=utf8_unicode_ci;
/*!40101 SET character_set_client = @saved_cs_client */;

--
-- Dumping data for table `conversations`
--

LOCK TABLES `conversations` WRITE;
/*!40000 ALTER TABLE `conversations` DISABLE KEYS */;
INSERT INTO `conversations` VALUES (1,1,218,1,'2018-02-13 10:58:39','2018-03-06 22:36:23'),(2,1,221,1,'2018-03-06 22:40:30','2018-03-06 22:42:11'),(3,1,291,1,'2018-09-25 11:11:58','2018-09-25 11:11:58'),(4,1,316,1,'2019-02-13 06:04:29','2019-02-13 06:04:29');
/*!40000 ALTER TABLE `conversations` ENABLE KEYS */;
UNLOCK TABLES;

--
-- Table structure for table `depis`
--

DROP TABLE IF EXISTS `depis`;
/*!40101 SET @saved_cs_client     = @@character_set_client */;
/*!40101 SET character_set_client = utf8 */;
CREATE TABLE `depis` (
  `id` int(10) unsigned NOT NULL AUTO_INCREMENT,
  `name_project` varchar(255) COLLATE utf8_unicode_ci NOT NULL,
  `line_investigation` varchar(255) COLLATE utf8_unicode_ci NOT NULL,
  `name_residence` varchar(255) COLLATE utf8_unicode_ci NOT NULL,
  `names_residents` varchar(255) COLLATE utf8_unicode_ci NOT NULL,
  `name_tesis` varchar(255) COLLATE utf8_unicode_ci NOT NULL,
  `names_tesis` varchar(255) COLLATE utf8_unicode_ci NOT NULL,
  `publications` varchar(255) COLLATE utf8_unicode_ci NOT NULL,
  `publications_number` varchar(255) COLLATE utf8_unicode_ci NOT NULL,
  `name_magazine` varchar(255) COLLATE utf8_unicode_ci NOT NULL,
  `type_publication` varchar(255) COLLATE utf8_unicode_ci NOT NULL,
  `name_article` varchar(255) COLLATE utf8_unicode_ci NOT NULL,
  `prototype` varchar(255) COLLATE utf8_unicode_ci NOT NULL,
  `patents` varchar(255) COLLATE utf8_unicode_ci NOT NULL,
  `validity_of` varchar(255) COLLATE utf8_unicode_ci NOT NULL,
  `valid_at` varchar(255) COLLATE utf8_unicode_ci NOT NULL,
  `others` varchar(255) COLLATE utf8_unicode_ci NOT NULL,
  `teacher_id` int(10) unsigned NOT NULL,
  `created_at` timestamp NULL DEFAULT NULL,
  `updated_at` timestamp NULL DEFAULT NULL,
  PRIMARY KEY (`id`)
) ENGINE=InnoDB DEFAULT CHARSET=utf8 COLLATE=utf8_unicode_ci;
/*!40101 SET character_set_client = @saved_cs_client */;

--
-- Dumping data for table `depis`
--

LOCK TABLES `depis` WRITE;
/*!40000 ALTER TABLE `depis` DISABLE KEYS */;
/*!40000 ALTER TABLE `depis` ENABLE KEYS */;
UNLOCK TABLES;

--
-- Table structure for table `events`
--

DROP TABLE IF EXISTS `events`;
/*!40101 SET @saved_cs_client     = @@character_set_client */;
/*!40101 SET character_set_client = utf8 */;
CREATE TABLE `events` (
  `id` int(10) unsigned NOT NULL AUTO_INCREMENT,
  `name` varchar(255) COLLATE utf8_unicode_ci NOT NULL,
  `path` varchar(255) COLLATE utf8_unicode_ci NOT NULL,
  `description` varchar(255) COLLATE utf8_unicode_ci NOT NULL,
  `duration` varchar(255) COLLATE utf8_unicode_ci NOT NULL,
  `fecha` varchar(255) COLLATE utf8_unicode_ci NOT NULL,
  `addres` varchar(255) COLLATE utf8_unicode_ci NOT NULL,
  `type_events` varchar(255) COLLATE utf8_unicode_ci NOT NULL,
  `created_at` timestamp NULL DEFAULT NULL,
  `updated_at` timestamp NULL DEFAULT NULL,
  PRIMARY KEY (`id`)
) ENGINE=InnoDB AUTO_INCREMENT=2 DEFAULT CHARSET=utf8 COLLATE=utf8_unicode_ci;
/*!40101 SET character_set_client = @saved_cs_client */;

--
-- Dumping data for table `events`
--

LOCK TABLES `events` WRITE;
/*!40000 ALTER TABLE `events` DISABLE KEYS */;
INSERT INTO `events` VALUES (1,'Reunión informativa para titulación de todos los planes de estudio.','44bg_1.jpg','Se otorgará información para quienes no estén titulados y sea de su interés.','9:00 A.M. -  9:30 A.M.','08/08/2017','Instituto Tecnológico de Tuxtla Gutiérrez Sala de Juntas Edificio D1 de Sistemas Computacionales Mtra. Aida Cossío ','Eventos','2017-09-01 01:53:44','2017-09-01 01:56:15');
/*!40000 ALTER TABLE `events` ENABLE KEYS */;
UNLOCK TABLES;

--
-- Table structure for table `graduates`
--

DROP TABLE IF EXISTS `graduates`;
/*!40101 SET @saved_cs_client     = @@character_set_client */;
/*!40101 SET character_set_client = utf8 */;
CREATE TABLE `graduates` (
  `id` int(10) unsigned NOT NULL AUTO_INCREMENT,
  `name` varchar(255) COLLATE utf8_unicode_ci NOT NULL,
  `last_name` varchar(255) COLLATE utf8_unicode_ci NOT NULL,
  `curp` varchar(255) COLLATE utf8_unicode_ci NOT NULL,
  `sex` varchar(255) COLLATE utf8_unicode_ci NOT NULL,
  `birthday` date NOT NULL,
  `id_egreso` int(11) NOT NULL,
  `address` varchar(255) COLLATE utf8_unicode_ci NOT NULL,
  `phone` varchar(255) COLLATE utf8_unicode_ci NOT NULL,
  `user_id` int(10) unsigned NOT NULL,
  `created_at` timestamp NULL DEFAULT NULL,
  `updated_at` timestamp NULL DEFAULT NULL,
  PRIMARY KEY (`id`)
) ENGINE=InnoDB AUTO_INCREMENT=215 DEFAULT CHARSET=utf8 COLLATE=utf8_unicode_ci;
/*!40101 SET character_set_client = @saved_cs_client */;

--
-- Dumping data for table `graduates`
--

LOCK TABLES `graduates` WRITE;
/*!40000 ALTER TABLE `graduates` DISABLE KEYS */;
INSERT INTO `graduates` VALUES (2,'Jorge Luis','Díaz Suárez','00000000000','Hombre','1993-05-01',2,'Teran','9612536898',3,'2017-08-18 18:17:58','2017-08-18 18:17:58'),(3,'Daniela del Carmen','Aguilar Jiménez','00000000000','Mujer','1993-03-02',2,'Teran','9611433501',4,'2017-08-18 18:20:45','2017-08-18 18:20:45'),(4,'Marco Antonio','Ramírez Gómez','00000000000','Hombre','1993-05-08',2,'Teran','9671453420',5,'2017-08-18 18:23:14','2017-08-18 18:23:14'),(5,'Carlos Alberto','Hernández López','00000000000','Hombre','1993-02-19',2,'Teran','9612484663',6,'2017-08-18 18:25:40','2017-08-18 18:25:40'),(6,'Jhonatan','Grajales Ovando','00000000000','Hombre','1993-08-02',2,'Teran','9613345326',7,'2017-08-18 18:28:18','2017-08-18 18:28:18'),(7,'Alejandro','Hernández Guzman','00000000000','Hombre','1993-06-03',2,'Teran','9612170864',8,'2017-08-18 18:40:11','2017-08-18 18:40:11'),(8,'Juan Carlos','Gutiérrez Pérez','00000000000','Hombre','1993-02-19',2,'Teran','9611236993',9,'2017-08-18 19:02:54','2017-08-18 19:02:54'),(9,'Luis Eduardo','Vázquez Trinidad','00000000000','Hombre','1993-09-03',2,'Teran','9611330881',10,'2017-08-18 19:08:09','2017-08-18 19:08:09'),(10,'Jhonata Guadalupe','Cerda López','00000000000','Hombre','1993-01-05',2,'Teran','9613688088',11,'2017-08-18 19:21:21','2017-08-18 19:21:21'),(11,'Jorge Luis','Lorenzo López','00000000000','Hombre','1994-08-23',2,'Teran','9612158755',12,'2017-08-18 19:24:07','2017-08-18 19:24:07'),(12,'Miguel Angel','Rodriguez Guillen','00000000000','Hombre','1993-09-08',2,'Teran','9611845970',13,'2017-08-18 19:27:19','2017-08-18 19:27:19'),(13,'Jesus Asmeth','Perez Camacho','00000000000','Hombre','1993-05-08',2,'Teran','9686892518',14,'2017-08-18 19:31:09','2017-08-18 19:31:09'),(14,'Carlos Alexis','Rasgado Gordillo','00000000000','Hombre','1993-08-07',2,'Teran','9616550494',15,'2017-08-18 19:42:03','2017-08-18 19:42:03'),(15,'Andrés Esteban','Palomeque Ruiz','00000000000','Hombre','1993-09-04',2,'Teran','9612898645',16,'2017-08-18 20:13:04','2017-08-18 20:13:04'),(16,'Josué Emmanuel','Díaz Mayorga','00000000000','Hombre','1993-09-03',2,'Teran','9616590549',17,'2017-08-18 20:15:24','2017-08-18 20:15:24'),(17,'Alexis de Jesus','Gomez Pinto ','00000000000','Hombre','1993-12-05',2,'Teran','9613326667',18,'2017-08-18 20:18:52','2017-08-18 20:18:52'),(18,'Abdias Adhonay','Montejo Fonseca','00000000000','Hombre','1993-06-02',2,'Teran','9611958498',19,'2017-08-18 20:21:31','2017-08-18 20:21:31'),(19,'Dulce Alejandra','Tacias de la Torre','00000000000','Hombre','1993-11-08',2,'Teran','9613204143',20,'2017-08-18 20:24:09','2017-08-18 20:24:09'),(20,'Luis Santos','Morales Cortez','00000000000','Hombre','0009-04-01',2,'Teran','9616084277',21,'2017-08-18 20:26:47','2017-08-18 20:26:47'),(21,'Jose Angel','Hernandez Rosario','00000000000','Hombre','1993-05-04',2,'Teran','9616681993',22,'2017-08-18 20:29:59','2017-08-18 20:29:59'),(22,'Viridiana','Rodas Recinos','00000000000','Mujer','1993-08-07',2,'Teran','9612611936',23,'2017-08-18 20:32:24','2017-08-18 20:32:24'),(23,'Keyla Sitene','Dominguez Mijangos','00000000000','Mujer','1993-01-08',2,'Teran','9611300551',24,'2017-08-18 20:35:05','2017-08-18 20:35:05'),(24,'Floyde','Hernández López','00000000000','Mujer','1993-04-07',2,'Teran','9612700799',25,'2017-08-18 20:37:39','2017-08-18 20:37:39'),(25,'Daniel Alberto ','Alegría Sanchez  ','00000000000','Hombre','1993-03-06',2,'Teran','9610000000',26,'2017-08-18 20:39:51','2017-08-18 20:39:51'),(26,'Daniel Alonso','Días Palacios','0000000000','Hombre','1993-01-08',2,'Teran','9613209215',27,'2017-08-18 20:41:43','2017-08-18 20:41:43'),(27,'Eder Oswaldo','Ramirez Martinez','00000000000','Hombre','1993-01-02',2,'Teran','9611678945',28,'2017-08-18 20:44:36','2017-08-18 20:44:36'),(28,'Zenaido Norberto','Hernández Gonzalez','00000000000','Hombre','1993-06-09',2,'Teran','9671330492',29,'2017-08-18 20:46:42','2017-08-18 20:46:42'),(29,'Osmar Dallan','Pérez Estrada','00000000000','Hombre','1993-07-04',2,'Teran','9191129562',30,'2017-08-18 20:50:14','2017-08-18 20:50:14'),(30,'Diego Armando','Morales Aguilar','00000000000','Hombre','1993-12-01',2,'Teran','9611249230',31,'2017-08-18 20:54:24','2017-08-18 20:54:24'),(31,'Rafael','Rosales Pérez','00000000000','Hombre','0010-08-07',2,'Teran','9611547105',32,'2017-08-18 20:56:36','2017-08-18 20:56:36'),(32,'Juan de Dios','Cruz Santibáñez','00000000000','Hombre','1993-10-08',2,'Teran','9941059934',33,'2017-08-18 20:58:52','2017-08-18 20:58:52'),(33,'David','González Santos','00000000000','Hombre','1993-12-09',2,'Teran','9613363233',34,'2017-08-18 21:01:29','2017-08-18 21:01:29'),(34,'Samuel de Jesus','Ruiz Marroquin','RUMS930501HCSZRM01','Hombre','1993-05-01',3,'Teran','9613627272',35,'2017-08-18 21:29:26','2017-09-25 01:20:07'),(35,'Carlos Alberto','Tondopó','00000000000','Hombre','1993-05-04',3,'Teran','9613187736',36,'2017-08-18 21:34:45','2017-08-18 21:34:45'),(36,'María de los Ángeles','Vargas Perez','00000000000','Hombre','1993-01-01',3,'Teran','9612286683',37,'2017-08-18 21:39:22','2017-08-18 21:39:22'),(37,'Julissa ','Nigenda Hernández','00000000000','Mujer','1993-02-05',3,'Teran','9612358628',38,'2017-08-18 21:42:09','2017-08-18 21:42:09'),(38,'Nestor Daniel','Ruiz Pascacio','00000000000','Hombre','1993-08-07',3,'Teran','9611493644',39,'2017-08-18 21:45:27','2017-08-18 21:45:27'),(39,'Valeria','de los Santos Altamirano ','00000000000','Mujer','1993-06-03',3,'Teran','9616549918',40,'2017-08-18 21:48:31','2017-08-18 21:48:31'),(40,'Gilberto Audelin','Zenteno Hernandez','00000000000','Hombre','1993-05-13',3,'Teran','9611574494',41,'2017-08-18 21:51:48','2017-08-18 21:51:48'),(41,'Julio Cesar','Cerda Robles','00000000000','Hombre','1993-08-07',3,'Teran','9612838706',42,'2017-08-18 21:55:09','2017-08-18 21:55:09'),(43,'Rubicel','Romero Solís','00000000000','Hombre','1993-02-16',3,'Teran','9613180905',44,'2017-08-18 21:58:42','2017-08-18 21:58:42'),(44,'Jesús Alexis','Montejo Mundo','00000000000','Hombre','1993-03-14',3,'Centro','9611423681',45,'2017-08-18 22:03:25','2017-08-18 22:03:25'),(45,'Jorge Rafael','Sánchez Sánchez','0000000000000','Hombre','1993-06-05',3,'Centro','9611971861',46,'2017-08-18 22:07:01','2017-08-18 22:07:01'),(46,'Isaura Margarita','Hernández Felipe','0000000000000000000000','Mujer','1993-07-25',3,'Centro','9612761421',47,'2017-08-18 22:11:54','2017-08-18 22:11:54'),(47,'Jonathan','Nigenda Dominguez','00000000000000000','Hombre','1992-05-24',3,'CENTRO','9611978865',48,'2017-08-18 22:16:36','2017-08-18 22:16:36'),(48,'Said Arturo ','Maillard Peña ','00000000000','Hombre','1993-07-16',3,'Te','9611020036',49,'2017-08-19 00:05:17','2017-08-19 00:05:17'),(49,'Erick','López Zarate ','00000000000','Hombre','1993-03-26',3,'Teran','9612531554',50,'2017-08-19 00:07:17','2017-08-19 00:07:17'),(51,'Gaspar','Cartagena Borraz','0000000000','Hombre','2001-01-01',5,'Teran','9611754018',55,'2017-08-29 01:22:13','2017-08-29 01:22:13'),(52,'Jorge','Pedrea Morales','0000000000','Hombre','0001-01-01',6,'Teran','9612500290',56,'2017-08-29 01:28:49','2017-08-29 01:28:49'),(53,'Alejandra','Espinosa Calderón','000000000000000','Hombre','1985-12-01',8,'Teran','9611121427',57,'2017-08-29 01:33:18','2017-08-29 01:33:18'),(54,'Isaac Moisés','Vázquez Méndez','0000000000','Hombre','0001-01-01',7,'Terán','9612540271',58,'2017-08-29 01:37:57','2017-08-29 01:37:57'),(55,'Ana Laura','Velasco Gutiérrez','00000000000000000','Mujer','1985-11-01',10,'Teran','9611774270',59,'2017-08-29 01:41:36','2017-08-29 01:41:36'),(56,'Pascual Alonso','Pérez Nango','000000000000000','Hombre','1900-05-02',11,'Teran','9611435636',60,'2017-08-29 01:47:26','2017-08-29 01:47:26'),(57,'Jorge Antonio','Torres Ramírez','000000000000000','Hombre','0188-06-05',11,'Teran','9612757512',61,'2017-08-29 01:52:45','2017-08-29 01:52:45'),(58,'Cinthya Lourdes','Velasco Anzueto','000000000000000','Mujer','1988-05-03',11,'Teran','9611716656',64,'2017-08-29 01:57:16','2017-08-29 01:57:16'),(59,'Francisco Valentin','Torres López','000000000000000','Hombre','1988-06-05',13,'Teran','9611977221',67,'2017-08-29 02:00:29','2017-08-29 02:00:29'),(60,'Jose Antonio','Sanchez Alfonso','00000000000000','Hombre','1988-04-05',12,'Teran','9612300214',72,'2017-08-29 02:07:24','2017-08-29 02:07:24'),(61,'Rafael Angel','Montes Badillo','00000000000000','Hombre','1988-04-02',12,'Teran','9611879332',74,'2017-08-29 02:10:32','2017-08-29 02:10:32'),(62,'Eduardo','Roblero Jiménez','000000000000000','Hombre','1998-10-08',3,'Teran','9611340853',76,'2017-08-30 10:04:08','2017-08-30 10:04:08'),(63,'Jenny Daniela','Borraz Navarro','000000000000000','Mujer','1990-10-09',16,'Teran','9612395270',77,'2017-08-30 10:17:45','2017-08-30 10:17:45'),(64,'Angel Eduardo','Morales Coutiño','000000000000000','Hombre','1988-05-10',15,'Teran','9612628934',78,'2017-08-30 10:23:02','2017-08-30 10:23:02'),(65,'Adrian Alejandro','Alias Alfaro','000000000000000','Hombre','1988-08-01',9,'Teran','9611375411',79,'2017-08-30 10:29:03','2017-08-30 10:29:03'),(66,'Edwuard Hernán','Cabrera Rodriguez','000000000000000','Hombre','1988-01-19',2,'Teran','9613263015',80,'2017-08-30 10:35:46','2017-08-30 10:35:46'),(67,'Gelver Octavio','Cuello Cuello','0000000000000000','Hombre','1993-12-12',12,'Teran','9616089329',92,'2017-08-30 22:23:52','2017-08-30 22:23:52'),(68,'Dulce Berenice','López Vázquez','000000000000000','Mujer','1994-10-08',4,'Colonia Belen, 16 pnte. Sur #172','9613520148',107,'2017-09-01 00:41:30','2017-09-06 01:44:41'),(69,'Carlos Alexis','Ortiz Camas','OICC17111993HCSRMR05','Hombre','1993-11-17',4,'Colonia Belen 16 pnt. sur , Libramiento sur #1722 C.P. 29067','9616029427',108,'2017-09-01 00:46:35','2017-09-01 00:46:35'),(70,'Angel Eduardo','Morales Coutiño','MOCA830702HCSRTN08','Hombre','1983-07-02',9,'Av. Flor de Pascua mz 24 lt 4, Jardines del Grijalva, Chiapa de Corzo','9612628934',111,'2017-09-01 01:50:11','2017-09-01 01:50:11'),(71,'Amairani Poulette','Gómez Aragón','GOAA940119MCSMRM05','Mujer','1994-01-19',4,'Andador lirio #2, colonia fovissste II, jardín corona','9612775239, 9613478072',118,'2017-09-05 00:13:18','2017-09-05 00:13:18'),(72,'Luis Ángel ','Nataren López','NALL930921HCSTPS07','Hombre','1993-09-21',4,'Av. 17 de Enero MZ8 LT10, Col. Agripino Gutierrez','966-107-9490',119,'2017-09-05 02:32:32','2017-09-05 02:32:32'),(73,'José Alexis','Chávez Galeas','CXGA941006HCSHLL00','Hombre','1994-10-06',4,'av. 15 de septiembre  m19 lt19 col. shanka','9612323191',120,'2017-09-05 02:49:03','2017-09-05 02:49:03'),(74,'Aldrin ','Velazquez Solis ','VESA940805HCSLLL05','Hombre','1994-08-05',4,'fraccionamiento zoque, tuxtla gtz','9613520383',121,'2017-09-05 07:38:43','2017-09-05 07:38:43'),(75,'Ediberto','Arcos Sanchez','AOSE931108HCSRND06','Hombre','0000-00-00',4,'Novena Oriente entre segunda y tercera norte','9611611082',122,'2017-09-05 07:52:34','2017-09-05 07:52:34'),(76,'Jessica','Rincón Trujillo','RITJ931219MCSNRS07','Hombre','1993-12-19',4,'Entre 2da. y 3ra. norte calle Teran','9612479231',123,'2017-09-05 08:44:09','2017-09-05 08:44:09'),(77,'Daniel Alejandro','Mérida Guzmán','MEGD940815HCSRZN07','Hombre','1994-08-15',4,'Col. La misión avenida Tepoxtlan 207 ','9612425158',124,'2017-09-05 11:40:40','2017-09-05 11:40:40'),(78,'Joshio','García Mancilla','GAMJ940418HCSRNS08','Hombre','1994-04-18',4,'Av. Miguel Hidalgo #576 Col. Bienestar Social','9611312763',146,'2017-09-05 21:15:12','2017-09-05 21:15:12'),(79,'AIMER ALBERTO','SIMON SIGARROA','SISA940127HCSMGM02','Hombre','1994-01-27',4,'AVENIDA MASTUERZO / CALLE CRISANTEMO COLONIA CERRO DE GUADALUPE C.P. 29045','9611769151',147,'2017-09-05 22:45:34','2017-09-05 22:45:34'),(81,'Francisco Javier','Reyes Hernández','REHF940428HCSYRR10','Hombre','1994-04-28',4,'Calle Central Norte No.23','9612548056',149,'2017-09-05 23:53:21','2017-09-05 23:53:21'),(82,'Azael','Espinosa Sanchez','EISA931214HCSSNZ04','Hombre','1993-12-14',2,'Col. Ampliacion Arroyo Blanco, Calle Rio Bravo, MZ 6, L2','9612802758',154,'2017-09-06 00:07:42','2017-09-06 00:07:42'),(83,'José Daniel','Fragoso Gómez','FAGD940220HCSRMN08','Hombre','1994-02-20',4,'Col. Capulines 3, MANZANA 13 LOTE 4','9613371966',157,'2017-09-06 00:12:19','2017-09-06 00:12:19'),(84,'Jonatan','Palacios Camacho','PACJ940809HCSLMN02','Hombre','1994-08-09',4,'Calle palenque #850 entre avenida mitla y jazmin, Calichal','9611748051',160,'2017-09-06 00:22:08','2017-09-06 00:22:08'),(85,'Carmen Guadalupe','Suárez Hernández','	SUHC940603HCSRRR08','Hombre','1994-06-04',4,'Avenida Fontana No. 343 Fraccionamiento el Campanario','9611075221',165,'2017-09-06 00:43:44','2017-09-06 00:43:44'),(86,'Paola Yamilit','Lopez Espinoza','LOEP940315MOCPSL05','Mujer','1994-03-15',4,'4° CALLEJON DEL TRIUNFO #80 A COL. San jose teran','9611616810',181,'2017-09-06 07:37:56','2017-09-06 07:37:56'),(87,'Dulce Maria ','Hernandez Rodriguez','HERD931224MCSRDL09','Mujer','1993-12-24',4,'av. Alhambra #463 fracc. campanario','9612419752',182,'2017-09-06 07:48:55','2017-09-06 07:48:55'),(88,'Milagros','Roquiz Fonseca','ROFM820710MCSQNL02','Mujer','1982-07-10',9,'Av. Flor de Pascua Mnz. 24 Lote 4, Jardines del Grijalva','0449611179966',184,'2017-09-06 10:59:20','2017-09-06 10:59:20'),(89,'javier alberto ayala salazar','javier ayala','AASJ920408HOCYLV05','Hombre','1992-08-04',4,'av. sureste #289','9513912751',185,'2017-09-07 08:33:46','2017-09-07 08:33:46'),(90,'Jorge Candelario ','Montúfar Solórzano','MOSJ940514HCSNLR04','Hombre','0000-00-00',4,'C 4A PONIENTE NORTE 103 BARRIO CRUZ BLANCA','9612324602',186,'2017-09-07 10:03:47','2017-09-07 10:03:47'),(91,'Darinel','Rodríguez Álvarez ','ROAD930919HCSDLR04','Hombre','1993-09-19',4,'C. flor de mayo, MZ.12 LT. 22, Col. 12 de noviembre','9611322474',187,'2017-09-07 11:09:28','2017-09-07 11:09:28'),(92,'MARTIN CECILIO','OVANDO HERNANDEZ','OAHM930903HCSVRR07','Hombre','1993-09-03',4,'Carretera Panamericana km 12.4 barrio san miguel berriozabal','9611079617',188,'2017-09-08 03:26:19','2017-09-08 03:26:19'),(93,'Mairani ','Salas Sanchez','SASM940615MCSLNR00','Hombre','2017-09-07',4,'Inf. Grijalva tuxtla Gutierrez chis.','9612396055',189,'2017-09-08 04:31:32','2017-09-08 04:31:32'),(94,'Juan Carlos','Marroquín Juárez','MAJJ940310HCSRRN09','Hombre','1994-03-10',4,'6 Poniente entre 1 y 2 Norte','9611441773',190,'2017-09-09 03:02:08','2017-09-09 03:02:08'),(95,'Juan Antonio ','Gutiérrez Pineda','GUPJ940510HCSTNN06','Hombre','1994-05-10',4,'15 Pte. Sur #1041 Col. Xamaipak','1215839',191,'2017-09-12 00:19:34','2017-09-12 00:19:34'),(96,'Roselin','Pérez Espinosa','PEER921021HCSRSS00','Hombre','1992-10-21',4,'AV LOS ALMENDROS MZ 4 LT 8 COL. PASEOS DEL BOSQUE','9611785129',192,'2017-09-13 06:35:27','2017-09-13 06:35:27'),(97,'Abraham ','Moreno Dominguez','	MODA941011HCSRMB07','Hombre','1994-10-11',4,'8a ote sur #965 Col. Ampliacion teran','9616073776',193,'2017-09-18 20:41:54','2017-09-18 20:41:54'),(98,'Pedro Ángel ','Pérez Solís','PESP940501HCSRLD01','Hombre','1994-05-01',2,'col. Santa Maria La rivera, av. 16 de Septiembre','9616522034',194,'2017-09-20 04:10:08','2017-09-20 04:10:08'),(99,'Javier ','Hidalgo Díaz','HIDJ930216HCSDZV05','Hombre','1993-02-16',4,'5a poniente entre 1a y 2a Sur','9611690336',195,'2017-09-20 04:26:25','2017-09-20 04:26:25'),(100,'MAELY GUADALUPE ','JOSE CHAMPO','JOCM920129MCSSHL07','Mujer','1992-01-29',4,'4TA PTE NTE N° 180 SUCHIAPA','9611892257',196,'2017-09-21 08:52:06','2017-09-21 08:52:06'),(101,'Jonathan Tadeo','Gómez Gutiérrez',' GOGJ940204HCSMTN07','Hombre','0000-00-00',4,'Calle palenque Col. Calichal #695','9612095354',197,'2017-09-26 02:32:41','2017-09-26 02:32:41'),(102,'Zeuz de Jesus','Sánchez Lira','SALZ931221HCSNRZ05','Hombre','0000-00-00',4,'Av. Central Poniente 590, Barrio las granjas, C.P 29120, San Fernando, Chis.','961137886',198,'2017-09-28 23:41:16','2017-09-28 23:41:16'),(103,'Cinthya Lourdes','Velasco Anzueto','VEAC860403MCSLNN05','Mujer','1986-04-03',11,'1RA ORIENTE NORTE M-17 L-12 COL INDUSTRIAL','9611716656',199,'2017-10-04 03:14:22','2017-10-04 03:14:22'),(104,'José Guadalupe ','Díaz Hernández','DIHG940111HCSZRD05','Hombre','1994-01-11',4,'Callejon la salle y Privada flamboyant','9611553990',200,'2017-10-04 10:25:31','2017-10-04 10:25:31'),(106,'LUIS ANTONIO ','CULEBRO','CUCL921211HCSLR07','Hombre','1992-12-11',4,'6 norte entre 8 y 9 pte','9617091833',202,'2017-10-25 04:46:54','2017-10-25 04:46:54'),(107,'Carlos Alexis','Tapia Montiel','TAMC790520HCSPNR08','Hombre','1979-05-20',7,'Campamento CFE No. 37 Raudales Malpaso','9612899782',203,'2017-11-02 22:16:53','2017-11-02 22:16:53'),(108,'Alexandra de Jesús','Santos Caravantes','SACA950106MCSNRL06','Mujer','1995-01-06',17,'Avenida Morelos 203 Plan de Ayala Ampliación Sur','9611599829',206,'2018-01-15 23:23:03','2018-01-15 23:23:03'),(110,'Ricardo','Gómez Chávez','GOCR950704HCSMHC03','Hombre','1995-07-04',17,'Calle Huanacastle Mz 11 Lt4','9612603345',208,'2018-01-15 23:50:37','2018-01-15 23:50:37'),(111,'Luis Angel ','Gomez Grajales','GOGL950802HCSMR06','Hombre','1995-08-02',17,'av villaflores 492 col. los manguitos','9617012243',209,'2018-01-15 23:55:19','2018-01-15 23:55:19'),(112,'Shanel Daniela','Reyes Palacios','REPS950227MCSYLH07','Mujer','1995-02-27',17,'Avenida Agata mnz. 1 Lote 1 Colonia Democratica','9611901730',210,'2018-01-16 00:13:00','2018-01-16 00:13:00'),(113,'Silvano Antonio','Molina Pérez','MOPS940817HCSLRL05','Hombre','1994-08-17',2,'Rivera de cupia, municipio de chiapa de corzo','9611750764',211,'2018-01-16 00:17:35','2018-01-16 00:17:35'),(114,'Manuel de Jesús','Pérez Nango','PENM941015HCSRNN06','Hombre','1994-10-15',17,'2a Norte Oriente #164, Suchiapa, Chiapas','9611133537',212,'2018-01-16 00:38:28','2018-01-16 00:38:28'),(115,'Jorge Luis','González Hernández','GOHJ950421HCSNRR01','Hombre','1995-09-21',17,'1A SUR PTE NO 224 Berriozábal, Chiapas','9611301851',213,'2018-01-16 10:46:32','2018-01-16 10:46:32'),(116,'Hugo Alexis','Viza Avendaño','VIAH950619HCSZVG05','Hombre','1995-06-19',17,'2a Norte Oriente #187, San Fernando, Chiapas','9611145100',214,'2018-01-16 11:00:09','2018-01-16 11:00:09'),(117,'Jesús Alexánder','López Rosas','LORJ950622HCSPSS02','Hombre','1995-06-22',17,'1ra Sur Pte. #22 col. Francisco I Madero','9611166076',215,'2018-01-18 02:08:36','2018-01-18 02:08:36'),(118,'Carlos Alberto','Culebro Esquinca','cuec950401hcslsr00','Hombre','1995-04-01',17,'Andador Bonampak Manzana 2 lote 15 Colonia Conquista Obrera, Chiapa de Corzo, Chiapas','9611580262',216,'2018-01-19 11:03:24','2018-01-19 11:03:24'),(122,'Jessica Yael','Ovalle Estrada','OAEJ940813MCSVSS01','Mujer','1994-08-13',17,'Av. Asociación ganadera 338 col. Santa Ana','81 26983834',222,'2018-03-07 00:42:40','2018-03-07 00:42:40'),(123,'Héctor Iván','Ramos Vazquez','RAVH940126HCSMZC02','Hombre','1994-01-26',17,'cjon el triunfo, san josé teran','9616407787',223,'2018-03-07 01:12:38','2018-03-07 01:12:38'),(124,'María José ','Reyes Guillén ','REGJ950505MCSYLS06','Mujer','1995-05-05',17,' Callejón San Juan Sabinito 1051 col. San Juan Sabinito ','9612342089',224,'2018-03-07 01:22:06','2018-03-07 01:22:06'),(125,'Daniel Eliseo','Valencia Reyes','VARD950623HCSLYN09','Hombre','1995-06-23',17,'Calle rio ocotlan, col. Albania alta, 245','9611606968',225,'2018-03-07 01:27:33','2018-03-07 01:27:33'),(126,'Mario Carlos','Tovilla Gerardo. ','TOGM950411HCSVRR05','Hombre','1995-04-11',2,'17av. Norte poniente #668','9612629275',226,'2018-03-07 01:29:08','2018-03-07 01:29:08'),(127,'William antonio','Velázquez cuevas ','VECW920918HCSLVL06','Hombre','1992-09-18',17,'Col.cassitas #2 Av.8  entre calle 7 y 9','9611859097',227,'2018-03-07 01:29:25','2018-03-07 01:29:25'),(128,'Kenya ','Tovilla Blanco','TOBK950512MCSVLN08','Mujer','1995-05-12',17,'Avenida Zaragoza #7','9612186678',228,'2018-03-07 01:33:43','2018-03-07 01:33:43'),(129,'Carlos Fernando','Rico Girón ','RIGC940928HDFCRR02','Hombre','1994-09-28',2,'Jardínes del Grijalva calle avellana 63 45','9611002890',229,'2018-03-07 01:46:01','2018-03-07 01:46:01'),(130,'Miguel Angel','Espinosa Aleman','EIAM931230HCSSLG02','Hombre','1993-12-30',17,'Calle Angel Jardon Colonia paraiso Alto','6184919',230,'2018-03-07 04:49:54','2018-03-07 04:49:54'),(131,'Luis Fernando','Moguel Jiménez ','MOJL950120HCSGMS09','Hombre','1995-01-20',17,'3 Sur poniente 425 San José Teran','9613315043',231,'2018-03-07 05:46:19','2018-03-07 05:46:19'),(134,'Miriam','Yamasaki Aguilar','YAAM950504MCSMGR06','Mujer','1995-05-04',17,'Cerrada Palmas #111 Colonia Jardines de Tuxtla','9612309562',234,'2018-03-07 14:28:29','2018-03-07 14:28:29'),(135,'Juan Carlos','López Gómez','LOGJ950627HCSPMN05','Hombre','2018-06-27',17,'Col. Arrollo Blanco Manzana 3 Lote 1','9612670826',235,'2018-03-07 23:35:27','2018-03-07 23:35:27'),(136,'José Daniel ','Rosales Constantino','ROCD940926HCSSNN03','Hombre','1994-09-26',2,'Av. Simojovel #1685 Col. Miravalle','9612530680',236,'2018-03-08 02:16:23','2018-03-08 02:16:23'),(137,'Luis Fernando','Cruz Torres','CUTL941125HCSRRS03','Hombre','0000-00-00',17,'Av. Rosa del centro, mza.31 #25, Inf. El Rosario','9613730859',237,'2018-03-08 02:51:49','2018-03-08 02:51:49'),(138,'Luis Alberto','Núñez Molina','NUML940506HCSXLS00','Hombre','1994-05-06',17,'Eh. Miguel Hidalgo ','9611942093',238,'2018-03-08 04:03:18','2018-03-08 04:03:18'),(139,'Josué Renán','Velázquez González','VEGJ941008HCSLNS05','Hombre','1994-10-08',17,'CALLE ETIENNES #226 LA SALLE 3','9612481335',239,'2018-03-08 04:31:35','2018-03-08 04:31:35'),(140,'Eduardo','Villaseñor Peñaloza','VIPE941027HCSLXD05','Hombre','1994-10-27',17,'Calle las margaritas, Col. Nueva Esperanza, Palenque Chiapas','9161406466',240,'2018-03-08 04:33:54','2018-03-08 04:33:54'),(141,'Luis Eduardo','Mandujano Velasco','MAVL950315HCSNLS08','Hombre','1995-03-15',17,'Privada julio m.corzo no.3','9671366804',241,'2018-03-08 04:37:45','2018-03-08 04:37:45'),(142,'Miguel Ángel ','De la Cruz Sánchez ','CUSM940825HCSRNG08','Hombre','1994-08-25',17,'Col.Loma Bonita esq bambú #130','9617092338',242,'2018-03-08 05:18:48','2018-03-08 05:18:48'),(143,'Diego Armando','Córdova Morales','COMD950709HCSRRG09','Hombre','1995-07-09',17,'Fracc. El ciprés Mzn. 12 Lot. 4','9611272382',243,'2018-03-08 10:44:49','2018-03-08 10:44:49'),(144,'Rodrigo Emanuel','López Sarmiento','LOSR950224HCSPRD09','Hombre','1995-02-24',17,'2 poniente entre 1ra y 2da sur','9611398674',244,'2018-03-08 22:32:21','2018-03-08 22:32:21'),(145,'Sergio Osbaldo ','Dominguez Ramirez','DORS940913HCSMMR08','Hombre','1994-09-13',17,'Calle begonias 221-A fracc. Real del bosque, Teran, C. P. 29050','9611683230',245,'2018-03-09 02:35:01','2018-03-09 02:35:01'),(146,'David Alfredo','Ley Chang','LECD940303HCSYHV06','Hombre','1994-03-03',17,'Fracc. Portal de Hierro #387-C','(961) 2363611',246,'2018-03-09 08:33:47','2018-03-09 08:33:47'),(147,'LUIS RODRIGO','PEREZ GOMEZ','PEGL920722HCSRMS15','Hombre','1992-07-22',17,'CALLEJON SAN JUAN #268 COLONIA SAN JUAN SABINITO','9612466495',247,'2018-03-09 10:59:31','2018-03-09 10:59:31'),(148,'Rafael Alberto','Martínez Méndez','MAMR950514HCSRNF09','Hombre','1995-05-14',17,'Av. José María Modelos No. 315 Col. Castillo Tielmans','9611669193',248,'2018-03-09 11:37:45','2018-03-09 11:37:45'),(149,'Erick omar ','Leon salazar','LESE921229HCSNLR06','Hombre','1992-12-29',17,'Circuito balcon colonial 141 balcones del sur ','9613490134',249,'2018-03-10 10:43:01','2018-03-10 10:43:01'),(150,'Edgard José','Díaz Tipacamú','DITE940221HCSZPD04','Hombre','1994-02-21',2,'Av. Domingo Ruiz ','9612924843',250,'2018-03-10 12:20:50','2018-03-10 12:20:50'),(151,'Jesus David','Castillejos Rosales','CARJ941115HCSSSS03','Hombre','2018-03-10',17,'6nte/ 14pte #777','60000831',251,'2018-03-10 22:10:22','2018-03-10 22:10:22'),(152,'Jorge Isaac','Camacho Chicati ','CACJ940609HCSMHR06','Hombre','1994-06-09',17,'Calle real de Guadalupe andador Comitán m7 l17','9611896842',252,'2018-03-11 12:05:22','2018-03-11 12:05:22'),(153,'Francisco Daniel ','Ruiz Hernández ','RUHF950804HCSZRR07','Hombre','1995-08-04',17,'San Andrés Larrainzar, Chiapas ','9671137057 ',253,'2018-03-12 04:21:13','2018-03-12 04:21:13'),(154,'Edgar Eduardo','Sol Alfaro','SOAE940827HCSLLD02','Hombre','1994-08-27',17,'12 Poniente Norte #1282. Colonia El Pedregal','9611133500',254,'2018-03-12 23:27:43','2018-03-12 23:27:43'),(155,'Josue Ivan','Moreno Borraz','MOBJ940728HCSRRS08','Hombre','1994-07-28',17,'Av.Jazmin #1326 Col. Insurgentes','9611200227',255,'2018-03-13 22:23:22','2018-03-13 22:23:22'),(157,'Manuel de Jesus ','Perez Nango',' PENM941015HCSRNN06','Hombre','1994-10-15',17,'Teran','9611133537',258,'2018-03-20 18:31:13','2018-03-20 18:31:13'),(158,'Carlos Fernando',' Rico Girón  ','RIGC940928HDFCRR02','Hombre','1994-09-28',17,'herradura','9611002890',259,'2018-03-20 18:35:39','2018-03-20 18:35:39'),(159,'Mario Carlos',' Tovilla Gerardo','.  TOGM950411HCSVRR05','Hombre','1995-04-11',17,'Teran','9612629275',260,'2018-03-20 18:41:56','2018-03-20 18:41:56'),(160,'José Daniel ',' Rosales Constantino ','ROCD940926HCSSNN03','Hombre','1994-09-26',17,'Teran','9612530680',261,'2018-03-20 18:53:53','2018-03-20 18:53:53'),(161,'Roxana','Rodriguez Roque','ROCD940206HCSSNN03','Hombre','1994-02-06',17,'Teran','9612553891',262,'2018-03-20 19:00:58','2018-03-20 19:00:58'),(162,'Carlos Alberto','Ramirez Escobar','RAE950514HCSSNN03','Hombre','1994-04-14',17,'col. Centro','9611129078',263,'2018-03-20 19:04:28','2018-03-20 19:04:28'),(163,'Edgar Amauri','Alfosa Martinez','AlfMar951105Hcspls00','Hombre','1995-11-05',17,'Juan Crispin','9651171916',264,'2018-03-20 19:08:39','2018-03-20 19:08:39'),(164,'Emmanuel','Chacho Avendaño','ChAltar941007Hcspls00','Hombre','1994-10-07',17,'clazada ','9612682990',265,'2018-03-20 19:13:11','2018-03-20 19:13:11'),(165,'Alejandro Adrian','Espinosa Lopez','Alea950418HCsala00','Hombre','1995-04-18',17,'col centro','9611738704',266,'2018-03-20 19:19:09','2018-03-20 19:19:09'),(166,'Yael','Aguilar Alegria','AgiAle940915Fmls00','Hombre','1994-09-15',17,'Teran','9616160740',267,'2018-03-20 19:24:54','2018-03-20 19:24:54'),(167,'Edgard José',' Díaz Tipacamú',' DITE940221HCSZPD04 ','Hombre','1994-02-21',17,'Teran','9612924843',268,'2018-03-20 19:28:46','2018-03-20 19:28:46'),(168,'Reybel ','De Coss Mendez ','COMR950704HCSSNY07','Hombre','1995-05-04',17,'5A Ca Poniente Sur #48 Colonia Teran , Tuxtla Gutiérrez','9616586734',269,'2018-03-20 19:32:11','2018-03-20 19:32:11'),(171,'Luis Alberto ','Corzo','Castillejos','Hombre','1993-12-21',18,'Colonia La Ceiba. Calle El Roble. Lote 14','9611807560',272,'2018-09-12 08:41:32','2018-09-12 08:41:32'),(172,'Carolina ','Hernández López ','HELC950222MCSRPR07','Mujer','1995-02-22',18,'Av 2a sur ote 480 col. Teran','9616523006',273,'2018-09-13 03:24:45','2018-09-13 03:24:45'),(173,'Rachel ','Hernández Maza','HEMR950508MCSRZC02','Mujer','1995-05-08',18,'Colonia agua azul, calle Francisco villa M.9 L.24','9612482135',274,'2018-09-13 03:38:12','2018-09-13 03:38:12'),(174,'Cynthia Selene ','Hernández Jiménez','HEJC950103MCSRMY06','Mujer','1995-01-03',18,'Av 16 de septiembre 198 san Isidro Buena vista','9687444531',275,'2018-09-13 03:52:47','2018-09-13 03:52:47'),(175,'Juan Jose','Oceguera','OEHJ930818HCSCRN05','Hombre','1993-08-18',18,'Av. Los mangos 130 Fracc. Los Olivos','9611598876',276,'2018-09-13 19:56:18','2018-09-13 19:56:18'),(176,'Patsy Yuridia','Nataren Zavala','NAZP950728MCSTVT16','Mujer','1995-07-28',18,'calle rosal mzn. 49, lt. 13, colonia potinaspak','9611438692',277,'2018-09-14 11:07:46','2018-09-14 11:07:46'),(177,'Guadalupe Rubí ','López Gómez','LOGG940918MCSPMD01','Mujer','1994-09-18',18,'Primera oriente norte #276, Col. San José Terán','9611130724',278,'2018-09-14 12:43:33','2018-09-14 12:43:33'),(178,'david','reyes hernandez','REHD940826HCSYRV04','Hombre','1994-08-26',2,'AV TUXTLA MZ 188 LT 18','9612499123',279,'2018-09-15 01:25:04','2018-09-15 01:25:04'),(179,'Oscar Eduardo','Velázquez Pinto','VEPO94091307H500','Hombre','2018-09-13',18,'Las águilas. Circuito nido de Águilas. #248','9612393296',280,'2018-09-15 01:29:38','2018-09-15 01:29:38'),(180,'Fernando','Hernandez Jimenez','HEJF930505HCSRMR06','Hombre','1993-05-05',18,'AV 17 Sur Oriente #241','9611208934',281,'2018-09-15 20:04:24','2018-09-15 20:04:24'),(181,'Daniela Karina','Hernández Pérez','HEPD940326MCSRRN05','Mujer','1994-03-26',18,'Caoba Número 16,  Colonia Ampliación Francisco I. Madero','9611480186',282,'2018-09-16 08:26:36','2018-09-16 08:26:36'),(182,'KERWIN ANDREY','MORENO GÓMEZ','MOGK950831HCSRMR09','Hombre','1995-08-31',18,'Fracc. Santa Fe, calle san carlos no. 505','9612731239',283,'2018-09-17 10:28:38','2018-09-17 10:28:38'),(183,'Yessica ','Ruiz Cañaveral','RUCY950522MCSZXS01','Mujer','2018-09-16',18,'Av.bugambilia col. Paso limón','9613191853',284,'2018-09-17 10:40:09','2018-09-17 10:40:09'),(185,'José Mauricio','Hernández Coutiño','HECM941208HCSRTR02','Hombre','1994-12-08',18,'av. salvador urbina #747, col. bienestar social','9611271636',286,'2018-09-19 00:18:35','2018-09-19 00:18:35'),(186,'Francisco Javier Sánchez López','Sánchez López','SALF941212HCSNPR00','Hombre','1994-12-12',18,'Sexta Oriente entre Decima y Onceava Norte','9612723787',287,'2018-09-21 02:16:20','2018-09-21 02:16:20'),(187,'Jhovany','Morales Bruno','MOBJ950715HOCRRH09','Hombre','1995-07-15',18,'Segunda Avenida Sur Pte Col. Industrial','9613201291',288,'2018-09-21 03:42:52','2018-09-21 03:42:52'),(188,'Juan Martín','Hernández López','HELJ950130HCSRPN06','Hombre','1995-01-21',18,'CJ Raul Isisdro Burgos, Col. Juan Crispin','9613539918',289,'2018-09-22 10:12:03','2018-09-22 10:12:03'),(189,'jose luis ','chacon banda','CABL941001HCSHNS06','Hombre','1994-10-01',18,'1ra oriente sur','9611598218',290,'2018-09-22 23:45:45','2018-09-22 23:45:45'),(190,'RODULFO JOSSELIN ','CULEBRO LOPEZ ','CULR910808HCSLPD18','Hombre','1991-08-08',17,'calle campeche manzana 205 lote 07 avenida sinaloa colonia las granjas km4','019613725637',291,'2018-09-25 11:09:46','2018-09-25 11:09:46'),(191,'Victor Omar','Gomez Roman','GORV940608HCSMMC05','Hombre','1994-06-08',18,'Avenida Allende No. 1 Barrio San Pablo','9611737648',292,'2018-09-26 22:41:52','2018-09-26 22:41:52'),(192,'Luis Gerardo','dominguez  nucamendi','DONL941229HCSMCS06','Hombre','2018-09-27',18,'Col. Galecio Narcia','9613035261',293,'2018-09-28 09:18:22','2018-09-28 09:18:22'),(194,'Carlos  Osvaldo ','Mijangos Farrera ','carlosmijangos','Hombre','1995-10-05',18,'Teran Tuxtla Gtz','9616407878',295,'2018-10-04 07:47:09','2018-10-04 07:47:09'),(196,'Edgar Ubaldo','Morales Cortes','EdgarUbaldo','Hombre','1995-06-01',18,'calzada Sumidero ','9613051025',297,'2018-10-04 07:55:51','2018-10-04 07:55:51'),(197,'Santiago Alexis','Hualvs Mendoza','santiagoalexis','Hombre','1995-03-06',18,'juan Crispin TGtz','9613681921',298,'2018-10-04 08:03:07','2018-10-04 08:03:07'),(198,'Luis Javier ','Vazquez Estrada','luisjavier','Hombre','1995-07-12',18,'la mision Tgtz','9611618145',299,'2018-10-04 08:08:05','2018-10-04 08:08:05'),(199,'Jose Cristian','Perez Morales','josecristian','Hombre','1995-08-31',18,'centro Tgtz','9181026739',300,'2018-10-04 08:12:37','2018-10-04 08:12:37'),(200,'Victor Manuel','Solis Gordillo','victormanuel','Hombre','1994-03-26',18,'paso limon Tgtz','9611573310',301,'2018-10-04 08:16:33','2018-10-04 08:16:33'),(201,'Vidal Ulises','Jimenez Tamayo','vidalulises','Hombre','1995-02-13',18,'juan crispin Tuxtla Gutierrez','9612178795',302,'2018-10-04 08:24:07','2018-10-04 08:24:07'),(202,'Armando','Villareal Avalos','armand','Hombre','1995-11-06',18,'Calzada el Sumidero Tuxtla','9371294421',303,'2018-10-04 08:29:03','2018-10-04 08:29:03'),(203,'Flor Emilia','Ocampo Alcazar ','floremilia','Hombre','1994-08-10',18,'Centro Tuxtla','9613342804',304,'2018-10-04 08:33:50','2018-10-04 08:33:50'),(204,'Dulce Ariadna ','Avila Antonio','dulceariadna','Mujer','1994-02-09',18,'Fraccionamiento la Herradura Tuxtla Gtz','9611297114',305,'2018-10-04 08:38:05','2018-10-04 08:38:05'),(205,'Jorge Hiram','Llaven Velazquez','jorgehiram','Hombre','1993-11-24',18,'Teran Tuxtla Gtz','9612150193',306,'2018-10-04 08:41:54','2018-10-04 08:41:54'),(206,'Babel Karla','Santana Herrera ','babelkarla','Mujer','1993-11-19',18,'herradura Tuxtla Gutierrez','9616380452',307,'2018-10-04 08:46:22','2018-10-04 08:46:22'),(207,'Elver ','Hernandez Lopez','elver','Hombre','1993-12-07',18,'san jose teran Tuxtla Gutierrez','9661055767',308,'2018-10-04 09:00:50','2018-10-04 09:00:50'),(208,'Jose Jaime ','Molina Navarzi','josejaime','Hombre','1994-11-04',18,'Teran Tuxtla ','9613741883',309,'2018-10-04 09:06:28','2018-10-04 09:06:28'),(209,'David','Reyes Hernandez','david','Hombre','1994-04-18',18,'San jose teran','9612499123',310,'2018-10-04 09:09:35','2018-10-04 09:09:35'),(210,'Luis Javier','Valencia Ramirez ','VARL950603HCSLMS03','Hombre','1995-06-03',18,'Colonia Los maguitos, Avenida Huixtla','9611145857',311,'2018-10-04 09:18:04','2018-10-04 09:18:04'),(211,'Dilan Alexis','Martinez Lopez','dilanlopez','Hombre','1995-03-07',18,'teran','9612394043',312,'2018-10-04 09:33:14','2018-10-04 09:33:14'),(212,'Neyser Daniel','Gomez Vazquez','neeyserdaniel','Hombre','1994-10-04',18,'teran','0000000000',313,'2018-10-04 10:06:16','2018-10-04 10:06:16'),(213,'Francisco Javier','Lopez Suarez','franciscojavier','Hombre','1994-11-04',18,'teran','9611473124',314,'2018-10-04 10:14:51','2018-10-04 10:14:51'),(214,'TEST','TEST','TEST','Hombre','2000-01-01',19,'TEST','TEST',316,'2019-02-13 06:03:26','2019-02-13 06:03:26');
/*!40000 ALTER TABLE `graduates` ENABLE KEYS */;
UNLOCK TABLES;

--
-- Table structure for table `labors`
--

DROP TABLE IF EXISTS `labors`;
/*!40101 SET @saved_cs_client     = @@character_set_client */;
/*!40101 SET character_set_client = utf8 */;
CREATE TABLE `labors` (
  `id` int(10) unsigned NOT NULL AUTO_INCREMENT,
  `company_name` varchar(255) COLLATE utf8_unicode_ci NOT NULL,
  `company_phone` varchar(255) COLLATE utf8_unicode_ci NOT NULL,
  `position` varchar(255) COLLATE utf8_unicode_ci NOT NULL,
  `work_area` varchar(255) COLLATE utf8_unicode_ci NOT NULL,
  `salary` varchar(255) COLLATE utf8_unicode_ci NOT NULL,
  `sector` varchar(255) COLLATE utf8_unicode_ci NOT NULL,
  `graduate_id` int(10) unsigned NOT NULL,
  `created_at` timestamp NULL DEFAULT NULL,
  `updated_at` timestamp NULL DEFAULT NULL,
  PRIMARY KEY (`id`)
) ENGINE=InnoDB AUTO_INCREMENT=4 DEFAULT CHARSET=utf8 COLLATE=utf8_unicode_ci;
/*!40101 SET character_set_client = @saved_cs_client */;

--
-- Dumping data for table `labors`
--

LOCK TABLES `labors` WRITE;
/*!40000 ALTER TABLE `labors` DISABLE KEYS */;
INSERT INTO `labors` VALUES (1,'eaz','98765','nada','no','no','Primario',121,'2018-03-06 22:45:44','2018-03-06 22:45:44'),(2,'eaz','98765','nada','no','no','Primario',121,'2018-03-06 22:47:02','2018-03-06 22:47:02'),(3,'XAJO CONSTRUCCIONES ','','RESIDENTE ELECTRICO','construccion','10000','Primario',190,'2018-09-25 11:13:33','2018-09-25 11:13:33');
/*!40000 ALTER TABLE `labors` ENABLE KEYS */;
UNLOCK TABLES;

--
-- Table structure for table `messages`
--

DROP TABLE IF EXISTS `messages`;
/*!40101 SET @saved_cs_client     = @@character_set_client */;
/*!40101 SET character_set_client = utf8 */;
CREATE TABLE `messages` (
  `id` int(10) unsigned NOT NULL AUTO_INCREMENT,
  `message` text COLLATE utf8_unicode_ci NOT NULL,
  `is_seen` tinyint(1) NOT NULL DEFAULT '0',
  `deleted_from_sender` tinyint(1) NOT NULL DEFAULT '0',
  `deleted_from_receiver` tinyint(1) NOT NULL DEFAULT '0',
  `user_id` int(11) NOT NULL,
  `conversation_id` int(11) NOT NULL,
  `created_at` timestamp NULL DEFAULT NULL,
  `updated_at` timestamp NULL DEFAULT NULL,
  PRIMARY KEY (`id`)
) ENGINE=InnoDB AUTO_INCREMENT=9 DEFAULT CHARSET=utf8 COLLATE=utf8_unicode_ci;
/*!40101 SET character_set_client = @saved_cs_client */;

--
-- Dumping data for table `messages`
--

LOCK TABLES `messages` WRITE;
/*!40000 ALTER TABLE `messages` DISABLE KEYS */;
INSERT INTO `messages` VALUES (1,'Hello\r\n',0,1,0,1,1,'2018-02-13 10:58:39','2018-03-07 13:33:47'),(2,'.\r\n',0,1,0,1,1,'2018-03-06 22:28:45','2018-03-07 13:33:50'),(3,'Reunion a las 9zm',0,1,0,1,1,'2018-03-06 22:36:23','2018-03-07 13:33:52'),(4,'No me llegan los mensajes :/',0,0,1,221,2,'2018-03-06 22:40:30','2018-03-07 13:34:02'),(5,'ahhh wey\r\n',0,1,0,1,2,'2018-03-06 22:41:29','2018-03-07 13:34:00'),(6,'reunion a las 9am\r\n',0,1,0,1,2,'2018-03-06 22:42:11','2018-03-07 13:34:05'),(7,'hola',0,0,0,291,3,'2018-09-25 11:11:58','2018-09-25 11:11:58'),(8,'Hola aida\r\n',0,0,0,316,4,'2019-02-13 06:04:29','2019-02-13 06:04:29');
/*!40000 ALTER TABLE `messages` ENABLE KEYS */;
UNLOCK TABLES;

--
-- Table structure for table `migrations`
--

DROP TABLE IF EXISTS `migrations`;
/*!40101 SET @saved_cs_client     = @@character_set_client */;
/*!40101 SET character_set_client = utf8 */;
CREATE TABLE `migrations` (
  `migration` varchar(255) COLLATE utf8_unicode_ci NOT NULL,
  `batch` int(11) NOT NULL
) ENGINE=InnoDB DEFAULT CHARSET=utf8 COLLATE=utf8_unicode_ci;
/*!40101 SET character_set_client = @saved_cs_client */;

--
-- Dumping data for table `migrations`
--

LOCK TABLES `migrations` WRITE;
/*!40000 ALTER TABLE `migrations` DISABLE KEYS */;
INSERT INTO `migrations` VALUES ('2014_10_12_000000_create_users_table',1),('2014_10_12_100000_create_password_resets_table',1),('2015_10_05_110608_create_messages_table',1),('2015_10_05_110622_create_conversations_table',1),('2017_03_29_173942_entrust_setup_tables',1),('2017_03_30_042257_create_companies_table',1),('2017_03_30_061042_create_vacancies_table',1),('2017_03_30_062734_create_residents_table',1),('2017_03_30_063244_create_services_table',1),('2017_03_31_180834_create_labors_table',1),('2017_04_02_050346_create_polls_table',1),('2017_05_11_163157_create_periods_table',1),('2017_05_11_205430_create_service_admins_table',1),('2017_05_11_211540_create_vacancy_admins_table',1),('2017_05_11_213009_create_resident_admins_table',1),('2017_06_07_020317_create_depis_table',1),('2017_06_07_021546_create_teachers_table',1),('2017_06_21_021434_create_tests_table',1),('2017_06_24_142455_create_surveys_table',1),('2017_06_24_142623_create_survey_qs_table',1),('2017_06_24_142803_create_survey_os_table',1),('2017_06_24_142903_create_survey_as_table',1),('2017_06_27_202016_create_shippings_table',1),('2017_07_31_190842_graduates_table',1),('2017_08_03_182307_update_graduates',1),('2017_08_03_200753_update2_graduates',1),('2017_08_03_201653_update_periods',1),('2017_08_05_071315_create_events',1),('2017_08_16_200006_create_table_pollscompany',1),('2017_09_01_164315_update_shippings',2);
/*!40000 ALTER TABLE `migrations` ENABLE KEYS */;
UNLOCK TABLES;

--
-- Table structure for table `password_resets`
--

DROP TABLE IF EXISTS `password_resets`;
/*!40101 SET @saved_cs_client     = @@character_set_client */;
/*!40101 SET character_set_client = utf8 */;
CREATE TABLE `password_resets` (
  `email` varchar(255) COLLATE utf8_unicode_ci NOT NULL,
  `token` varchar(255) COLLATE utf8_unicode_ci NOT NULL,
  `created_at` timestamp NOT NULL DEFAULT CURRENT_TIMESTAMP ON UPDATE CURRENT_TIMESTAMP,
  KEY `password_resets_email_index` (`email`),
  KEY `password_resets_token_index` (`token`)
) ENGINE=InnoDB DEFAULT CHARSET=utf8 COLLATE=utf8_unicode_ci;
/*!40101 SET character_set_client = @saved_cs_client */;

--
-- Dumping data for table `password_resets`
--

LOCK TABLES `password_resets` WRITE;
/*!40000 ALTER TABLE `password_resets` DISABLE KEYS */;
INSERT INTO `password_resets` VALUES ('isaacvm@hotmail.com','9747025e608482d9a68d233e6804acfc2cb85b42c2690cadccf4278864f2fbe3','2017-09-01 02:09:34'),('COLOCHO-2104@HOTMAIL.COM','abd2d7aed4232f83bb3c3d4965536a19d915b3f2c1780e4ee101849f2d4fa146','2018-01-16 23:34:51');
/*!40000 ALTER TABLE `password_resets` ENABLE KEYS */;
UNLOCK TABLES;

--
-- Table structure for table `periods`
--

DROP TABLE IF EXISTS `periods`;
/*!40101 SET @saved_cs_client     = @@character_set_client */;
/*!40101 SET character_set_client = utf8 */;
CREATE TABLE `periods` (
  `id` int(10) unsigned NOT NULL AUTO_INCREMENT,
  `description` varchar(255) COLLATE utf8_unicode_ci NOT NULL,
  `date_start` date NOT NULL,
  `date_end` date NOT NULL,
  `status` int(11) NOT NULL DEFAULT '1',
  `created_at` timestamp NULL DEFAULT NULL,
  `updated_at` timestamp NULL DEFAULT NULL,
  PRIMARY KEY (`id`)
) ENGINE=InnoDB AUTO_INCREMENT=20 DEFAULT CHARSET=utf8 COLLATE=utf8_unicode_ci;
/*!40101 SET character_set_client = @saved_cs_client */;

--
-- Dumping data for table `periods`
--

LOCK TABLES `periods` WRITE;
/*!40000 ALTER TABLE `periods` DISABLE KEYS */;
INSERT INTO `periods` VALUES (2,'Agosto-Diciembre 2016','2016-08-21','2016-12-08',1,'2017-08-18 19:11:51','2017-08-18 19:11:51'),(3,'Enero-Junio 2016','2016-01-27','2016-05-10',1,'2017-08-18 21:26:28','2017-08-18 21:26:28'),(4,'Enero-Junio 2017','2017-01-21','2017-06-09',1,'2017-08-22 10:00:22','2017-08-22 10:00:22'),(5,'Enero-Junio 1993','1993-01-27','1993-06-09',1,'2017-08-29 01:11:19','2017-08-29 01:11:19'),(6,'Agosto-Diciembre 1995','1995-08-24','1995-12-18',1,'2017-08-29 01:12:04','2017-08-29 01:12:04'),(7,'Agosto-Diciembre 2001','2001-08-24','2001-12-18',1,'2017-08-29 01:12:48','2017-08-29 01:12:48'),(8,'Agosto-Diciembre 2003','2003-08-27','2003-12-18',1,'2017-08-29 01:13:28','2017-08-29 01:13:28'),(9,'Agosto-Diciembre 2004','2004-08-27','2004-12-18',1,'2017-08-29 01:14:20','2017-08-29 01:14:20'),(10,'Agosto-Diciembre 2005','2005-08-28','2005-12-18',1,'2017-08-29 01:14:54','2017-08-29 01:14:54'),(11,'Agosto-Diciembre 2008','2008-08-24','2008-12-18',1,'2017-08-29 01:15:24','2017-08-29 01:15:24'),(12,'Agosto-Diciembre 2013','2013-08-27','2013-12-18',1,'2017-08-29 01:15:58','2017-08-29 01:15:58'),(13,'Enero-Junio 2010','2010-01-17','2010-06-09',1,'2017-08-29 01:16:33','2017-08-29 01:16:33'),(14,'Enero-Junio 2012','2012-01-17','2012-06-09',1,'2017-08-29 01:17:31','2017-08-29 01:17:31'),(15,'Enero-Junio 2005','2005-01-17','2005-06-09',1,'2017-08-29 01:52:28','2017-08-29 01:52:28'),(16,'Agosto-Diciembre 2012','2012-08-24','2012-12-18',1,'2017-08-29 02:06:57','2017-08-29 02:06:57'),(17,'Agosto-Diciembre 2017','2017-08-24','2017-12-20',1,'2018-01-15 22:55:03','2018-01-15 22:55:03'),(18,'Enero-Junio 2018','2018-01-29','2018-06-15',1,'2018-09-12 05:43:36','2018-09-12 05:43:36'),(19,'Agosto-Diciembre 2018','2018-08-27','2018-12-14',1,'2018-11-09 00:16:54','2018-11-09 00:16:54');
/*!40000 ALTER TABLE `periods` ENABLE KEYS */;
UNLOCK TABLES;

--
-- Table structure for table `permission_role`
--

DROP TABLE IF EXISTS `permission_role`;
/*!40101 SET @saved_cs_client     = @@character_set_client */;
/*!40101 SET character_set_client = utf8 */;
CREATE TABLE `permission_role` (
  `permission_id` int(10) unsigned NOT NULL,
  `role_id` int(10) unsigned NOT NULL,
  PRIMARY KEY (`permission_id`,`role_id`),
  KEY `permission_role_role_id_foreign` (`role_id`),
  CONSTRAINT `permission_role_permission_id_foreign` FOREIGN KEY (`permission_id`) REFERENCES `permissions` (`id`) ON DELETE CASCADE ON UPDATE CASCADE,
  CONSTRAINT `permission_role_role_id_foreign` FOREIGN KEY (`role_id`) REFERENCES `roles` (`id`) ON DELETE CASCADE ON UPDATE CASCADE
) ENGINE=InnoDB DEFAULT CHARSET=utf8 COLLATE=utf8_unicode_ci;
/*!40101 SET character_set_client = @saved_cs_client */;

--
-- Dumping data for table `permission_role`
--

LOCK TABLES `permission_role` WRITE;
/*!40000 ALTER TABLE `permission_role` DISABLE KEYS */;
/*!40000 ALTER TABLE `permission_role` ENABLE KEYS */;
UNLOCK TABLES;

--
-- Table structure for table `permissions`
--

DROP TABLE IF EXISTS `permissions`;
/*!40101 SET @saved_cs_client     = @@character_set_client */;
/*!40101 SET character_set_client = utf8 */;
CREATE TABLE `permissions` (
  `id` int(10) unsigned NOT NULL AUTO_INCREMENT,
  `name` varchar(255) COLLATE utf8_unicode_ci NOT NULL,
  `display_name` varchar(255) COLLATE utf8_unicode_ci DEFAULT NULL,
  `description` varchar(255) COLLATE utf8_unicode_ci DEFAULT NULL,
  `created_at` timestamp NULL DEFAULT NULL,
  `updated_at` timestamp NULL DEFAULT NULL,
  PRIMARY KEY (`id`),
  UNIQUE KEY `permissions_name_unique` (`name`)
) ENGINE=InnoDB DEFAULT CHARSET=utf8 COLLATE=utf8_unicode_ci;
/*!40101 SET character_set_client = @saved_cs_client */;

--
-- Dumping data for table `permissions`
--

LOCK TABLES `permissions` WRITE;
/*!40000 ALTER TABLE `permissions` DISABLE KEYS */;
/*!40000 ALTER TABLE `permissions` ENABLE KEYS */;
UNLOCK TABLES;

--
-- Table structure for table `polls`
--

DROP TABLE IF EXISTS `polls`;
/*!40101 SET @saved_cs_client     = @@character_set_client */;
/*!40101 SET character_set_client = utf8 */;
CREATE TABLE `polls` (
  `id` int(10) unsigned NOT NULL AUTO_INCREMENT,
  `question_1` varchar(255) COLLATE utf8_unicode_ci NOT NULL,
  `question_2` varchar(255) COLLATE utf8_unicode_ci NOT NULL,
  `question_3` varchar(255) COLLATE utf8_unicode_ci NOT NULL,
  `question_4` varchar(255) COLLATE utf8_unicode_ci NOT NULL,
  `question_5` varchar(255) COLLATE utf8_unicode_ci NOT NULL,
  `question_6` varchar(255) COLLATE utf8_unicode_ci NOT NULL,
  `question_7` varchar(255) COLLATE utf8_unicode_ci NOT NULL,
  `question_8` varchar(255) COLLATE utf8_unicode_ci NOT NULL,
  `question_9` varchar(255) COLLATE utf8_unicode_ci NOT NULL,
  `question_10` varchar(255) COLLATE utf8_unicode_ci NOT NULL,
  `question_11` varchar(255) COLLATE utf8_unicode_ci NOT NULL,
  `question_12` varchar(255) COLLATE utf8_unicode_ci NOT NULL,
  `question_13` varchar(255) COLLATE utf8_unicode_ci NOT NULL,
  `question_14` varchar(255) COLLATE utf8_unicode_ci NOT NULL,
  `comment` text COLLATE utf8_unicode_ci NOT NULL,
  `graduate_id` int(10) unsigned NOT NULL,
  `company_id` int(11) NOT NULL,
  `created_at` timestamp NULL DEFAULT NULL,
  `updated_at` timestamp NULL DEFAULT NULL,
  PRIMARY KEY (`id`)
) ENGINE=InnoDB AUTO_INCREMENT=216 DEFAULT CHARSET=utf8 COLLATE=utf8_unicode_ci;
/*!40101 SET character_set_client = @saved_cs_client */;

--
-- Dumping data for table `polls`
--

LOCK TABLES `polls` WRITE;
/*!40000 ALTER TABLE `polls` DISABLE KEYS */;
INSERT INTO `polls` VALUES (2,'Jorge Luis Díaz Suárez','9612536898','jorge_duhast@hotmail.com','','Agosto-Diciembre 2016','En proceso','Menos de un año','Bolsa de trabajo','Arnecon','Privada','Primario','Poco relacionado','Trabajo','Arquitectura de computadoras','Ninguno',2,0,'2017-08-18 18:19:00','2017-08-18 18:19:00'),(3,'Daniela del Carmen Aguilar Jiménez','9611433501','danielajarrison57@gmail.com','','Agosto-Diciembre 2016','En proceso',' 1 a 3 años','Bolsa de trabajo','SEP','Publica','Educativo','Muy relacionado','Toma de Decisiones','Aplicaciones móviles','',3,0,'2017-08-18 18:21:39','2017-08-18 18:21:39'),(4,'Marco Antonio Ramírez Gómez','9671453420','mcramirez2k@gmail.com','','Agosto-Diciembre 2016','En proceso','Menos de un año','Bolsa de trabajo','Empresa propia','Propia','Terciario','Muy relacionado','Trabajo','Desarrollo de software','',4,0,'2017-08-18 18:24:07','2017-08-18 18:24:07'),(5,'Carlos Alberto Hernández López','9612484663','carlos-1893ahl_@hotmail.com','','Agosto-Diciembre 2016','En proceso','Menos de un año','Medios de comunicación','Gmus Club','Privada','Educativo','Muy relacionado','Toma de Decisiones','Desarrollo de software','',5,0,'2017-08-18 18:26:50','2017-08-18 18:26:50'),(6,'Jhonatan Grajales Ovando','9613345326','yoni-g@live.com','','Agosto-Diciembre 2016','No','Aún no trabajo','Aún no trabajo','','No laboro','No laboro','No trabajo','Operacionales','Arquitectura de computadoras','',6,0,'2017-08-18 18:38:46','2017-08-18 18:38:46'),(7,'Alendro Hernández Guzman','9612170864','alelike02@gmail.com','','Agosto-Diciembre 2016','En proceso','Menos de un año','A través de la residencia profesional','Expea, Bitzero','Privada','Terciario','Muy relacionado','Trabajo','Desarrollo de software','Ninguno',7,0,'2017-08-18 19:01:18','2017-08-18 19:01:18'),(8,'Juan Carlos Gutiérrez Pérez','9611236993','jcgp_1993@hotmail.com','Juan Carlos Gutiérrez Pérez','Agosto-Diciembre 2016','En proceso',' 1 a 3 años','Medios de comunicación','Frenesi Musical S.A','Privada','Secundario','Poco relacionado','Toma de Decisiones','Negocios','',8,0,'2017-08-18 19:04:12','2017-08-18 19:04:12'),(9,'Luis Eduardo Vázquez Trinidad','9611330881','LEVT_94plus@hotmail.com','','Agosto-Diciembre 2016','En proceso',' 1 a 3 años','Bolsa de trabajo','','Propia','Educativo','Poco relacionado','Trabajo','Otro(s)','',9,0,'2017-08-18 19:08:49','2017-08-18 19:08:49'),(10,'Jhonata Guadalupe Cerda López','9613688088','cabito22@hotmail.com','Jhonatan Guadalupe','Agosto-Diciembre 2016','Si','Menos de un año','Medios de comunicación','','Publica','Primario','Poco relacionado','Trabajo','Negocios','',10,0,'2017-08-18 19:22:21','2017-08-18 19:22:21'),(11,'Jorge Luis Lorenzo López','9612158755','joseluis230894@gmail.com','Chelis Lorenzo','Agosto-Diciembre 2016','No','Menos de un año','Medios de comunicación','','Privada','Secundario','Poco relacionado','Investigación','Negocios','',11,0,'2017-08-18 19:24:55','2017-08-18 19:24:55'),(12,'Miguel Angel Rodriguez Guillen','9611845970','get.miguel16@gmail.com','Miguel Rodriguez','Agosto-Diciembre 2016','En proceso','Menos de un año','Medios de comunicación','Farmacias del Ahorro','Privada','Terciario','Parcialmente','Toma de Decisiones','Otro(s)','',12,0,'2017-08-18 19:28:33','2017-08-18 19:28:33'),(13,'Jesus Asmeth Perez Camacho','9686892518','ing.jesus.asmeth@gmail.com','JEASPECA','Agosto-Diciembre 2016','En proceso','Menos de un año','Medios de comunicación','NASALUD S DE RL DE CV','Privada','Terciario','Muy relacionado','Trabajo','Otro(s)','',13,0,'2017-08-18 19:32:08','2017-08-18 19:32:08'),(14,'Carlos Alexis Rasgado Gordillo','9616550494','carlosragdo@gmail.com','Carlosragdo','Agosto-Diciembre 2016','En proceso',' 1 a 3 años','Bolsa de trabajo','Qqal2fagarar','Privada','Terciario','Muy relacionado','Trabajo','Desarrollo de software','',14,0,'2017-08-18 20:10:21','2017-08-18 20:10:21'),(15,'Andrés Esteban Palomeque Ruiz','9612898645','andresPr1989@gmail.com','','Agosto-Diciembre 2016','En proceso','Menos de un año','Medios de comunicación','asscom','Privada','Terciario','Poco relacionado','Investigación','Arquitectura de computadoras','',15,0,'2017-08-18 20:14:06','2017-08-18 20:14:06'),(16,'Josué Emmanuel Díaz Mayorga','9616590549','joem.dima@gmail.com','Josué Díaz','Agosto-Diciembre 2016','No','Menos de un año','Medios de comunicación','Creativo softline','Privada','Terciario','Muy relacionado','Operacionales','Desarrollo de software','',16,0,'2017-08-18 20:16:08','2017-08-18 20:16:08'),(17,'Alexis de Jesus Gomez Pinto ','9613326667','isc.alexisGopi@gmail.com','','Agosto-Diciembre 2016','No',' 1 a 3 años','Medios de comunicación','','No laboro','No laboro','No trabajo','Operacionales','Aplicaciones móviles','',17,0,'2017-08-18 20:19:46','2017-08-18 20:19:46'),(18,'Abdias Adhonay Montejo Fonseca','9611958498','abdiasmontejo@gmail.com','abdiasmontejo','Agosto-Diciembre 2016','En proceso','Aún no trabajo','Aún no trabajo','','No laboro','No laboro','No trabajo','Toma de Decisiones','Otro(s)','',18,0,'2017-08-18 20:22:22','2017-08-18 20:22:22'),(19,'Dulce Alejandra Tacias de la Torre','9613204143','alejandra.tacias@gmail.com','','Agosto-Diciembre 2016','En proceso','Aún no trabajo','Aún no trabajo','','No laboro','No laboro','No trabajo','Trabajo','Arquitectura de computadoras','',19,0,'2017-08-18 20:24:36','2017-08-18 20:24:36'),(20,'Luis Santos Morales Cortez','9616084277','ismc9116@gmail.com','','Agosto-Diciembre 2016','En proceso','Aún no trabajo','Aún no trabajo','','No laboro','No laboro','No trabajo','Investigación','Negocios','',20,0,'2017-08-18 20:27:30','2017-08-18 20:27:30'),(21,'Jose Angel Hernandez Rosario','9616681993','qelo-aaa@hotmail.com','','Agosto-Diciembre 2016','No','Aún no trabajo','Aún no trabajo','','No laboro','No laboro','No trabajo','Toma de Decisiones','Otro(s)','',21,0,'2017-08-18 20:30:53','2017-08-18 20:30:53'),(22,'Viridiana Rodas Recinos','9612611936','viri.ro.re@gmail.com','','Agosto-Diciembre 2016','En proceso','Aún no trabajo','Aún no trabajo','','No laboro','No laboro','No trabajo','Operacionales','Negocios','',22,0,'2017-08-18 20:33:01','2017-08-18 20:33:01'),(23,'Keyla Sitene Dominguez Mijangos','9611300551','kekis0311@gmail.com','','Agosto-Diciembre 2016','En proceso','Aún no trabajo','Aún no trabajo','','No laboro','No laboro','No trabajo','Toma de Decisiones','Desarrollo de software','',23,0,'2017-08-18 20:35:40','2017-08-18 20:35:40'),(24,'Floyde Hernández López','9612700799','floyde_02@hotmail.com','','Agosto-Diciembre 2016','No','Aún no trabajo','Aún no trabajo','','No laboro','No laboro','No trabajo','Toma de Decisiones','Negocios','',24,0,'2017-08-18 20:38:02','2017-08-18 20:38:02'),(25,'Daniel Alberto  Alegría Sanchez  ','9610000000','albertoalegria01@gmail.com','','Agosto-Diciembre 2016','En proceso','Aún no trabajo','Aún no trabajo','','No laboro','No laboro','No trabajo','Toma de Decisiones','Desarrollo de software','',25,0,'2017-08-18 20:40:11','2017-08-18 20:40:11'),(26,'Daniel Alonso Días Palacios','9613209215','danielpalacios@gmail.com','','Agosto-Diciembre 2016','En proceso','Aún no trabajo','Aún no trabajo','','No laboro','No laboro','No trabajo','Toma de Decisiones','Desarrollo de software','',26,0,'2017-08-18 20:42:07','2017-08-18 20:42:07'),(27,'Eder Oswaldo Ramirez Martinez','9611678945','eder_ramtz@hotmail.com','','Agosto-Diciembre 2016','En proceso','Aún no trabajo','Aún no trabajo','','No laboro','No laboro','No trabajo','Toma de Decisiones','Desarrollo de software','',27,0,'2017-08-18 20:44:56','2017-08-18 20:44:56'),(28,'Zenaido Norberto Hernández Gonzalez','9671330492','goz.694@gmail.com','','Agosto-Diciembre 2016','No','Aún no trabajo','Aún no trabajo','','No laboro','No laboro','No trabajo','Investigación','Otro(s)','',28,0,'2017-08-18 20:47:43','2017-08-18 20:47:43'),(29,'Osmar Dallan Pérez Estrada','9191129562','blue_viper94@hotmail.com','','Agosto-Diciembre 2016','No','Aún no trabajo','Aún no trabajo','','No laboro','No laboro','No trabajo','Otro(s)','Base de datos','',29,0,'2017-08-18 20:50:37','2017-08-18 20:50:37'),(30,'Diego Armando Morales Aguilar','9611249230','diegoama21@hotmail.com','','Agosto-Diciembre 2016','No','Aún no trabajo','Aún no trabajo','','No laboro','No laboro','No trabajo','Operacionales','Negocios','',30,0,'2017-08-18 20:54:45','2017-08-18 20:54:45'),(31,'Rafael Rosales Pérez','9611547105','rafaeltux@hotmail.com','','Agosto-Diciembre 2016','No','Aún no trabajo','Aún no trabajo','','No laboro','No laboro','No trabajo','Investigación','Desarrollo de software','',31,0,'2017-08-18 20:57:08','2017-08-18 20:57:08'),(32,'Juan de Dios Cruz Santibáñez','9941059934','jcrsantibanez@gmail.com','','Agosto-Diciembre 2016','En proceso','Aún no trabajo','Aún no trabajo','','No laboro','No laboro','No trabajo','Otro(s)','Desarrollo de software','',32,0,'2017-08-18 20:59:17','2017-08-18 20:59:17'),(33,'David González Santos','9613363233','guitarra_amor@hotmail.com','','Agosto-Diciembre 2016','En proceso','Aún no trabajo','Aún no trabajo','','No laboro','No laboro','No trabajo','Operacionales','Aplicaciones móviles','',33,0,'2017-08-18 21:01:56','2017-08-18 21:01:56'),(34,'Samuel de Jesus Ruiz Marroquin','9613627272','tecnologico_360_@hotmail.com','Enero-Junio 2016','https://www.facebook.com/Ingenierodesistemasweb','No','Menos de un año','Bolsa de trabajo','','Publica','Primario','Muy relacionado','Trabajo','Otro(s)','',34,0,'2017-08-18 21:31:13','2017-09-25 01:23:08'),(35,'Carlos Alberto Tondopó','9613187736','carlos.tondopopv@outlook.es','','Enero-Junio 2016','No','Aún no trabajo','Aún no trabajo','','No laboro','No laboro','No trabajo','Operacionales','Base de datos','',35,0,'2017-08-18 21:35:32','2017-08-18 21:35:32'),(36,'María de los Ángeles Vargas Perez','9612286683','mava726@gmail.com','','Enero-Junio 2016','No','Aún no trabajo','Aún no trabajo','','No laboro','No laboro','No trabajo','Operacionales','Desarrollo de software','',36,0,'2017-08-18 21:40:15','2017-08-18 21:40:15'),(37,'Julissa  Nigenda Hernández','9612358628','jazuries@gmail.com','','Enero-Junio 2016','En proceso','Aún no trabajo','Aún no trabajo','','No laboro','No laboro','No trabajo','Toma de Decisiones','Desarrollo de software','',37,0,'2017-08-18 21:42:29','2017-08-18 21:42:29'),(38,'Nestor Daniel Ruiz Pascacio','9611493644','ndrp93@gmail.com','','Enero-Junio 2016','En proceso','Aún no trabajo','Aún no trabajo','','No laboro','No laboro','No trabajo','Operacionales','Negocios','',38,0,'2017-08-18 21:45:55','2017-08-18 21:45:55'),(39,'Valeria de los Santos Altamirano ','9616549918','valeria_091993@hotmail.com','','Enero-Junio 2016','No','Aún no trabajo','Aún no trabajo','','No laboro','No laboro','No trabajo','Operacionales','Desarrollo de software','',39,0,'2017-08-18 21:49:30','2017-08-18 21:49:30'),(40,'Gilberto Audelin Zenteno Hernandez','9611574494','gilbertzen51@gmail.com','','Enero-Junio 2016','En proceso','Menos de un año','A través de la residencia profesional','Secretaria de Seguridad y Protección Ciudadana','Publica','Terciario','Poco relacionado','Trabajo','Desarrollo de software','',40,0,'2017-08-18 21:53:48','2017-08-18 21:53:48'),(41,'Julio Cesar Cerda Robles','9612838706','jucecero90@hotmail.com','','Enero-Junio 2016','En proceso','Aún no trabajo','Aún no trabajo','','No laboro','No laboro','No trabajo','Operacionales','Aplicaciones móviles','',41,0,'2017-08-18 21:55:27','2017-08-18 21:55:27'),(42,'Alejandra Zuñiga Trinidad ','9611790488','alex_08taz@hotmail.com','','Enero-Junio 2016','En proceso','Aún no trabajo','Aún no trabajo','','No laboro','No laboro','No trabajo','Toma de Decisiones','Desarrollo de software','',42,0,'2017-08-18 21:57:23','2017-08-18 21:57:23'),(43,'Rubicel Romero Solís','9613180905','rubicel_123@hotmail.com','','Enero-Junio 2016','En proceso','Aún no trabajo','Aún no trabajo','','No laboro','No laboro','No trabajo','Operacionales','Desarrollo de software','',43,0,'2017-08-18 21:59:04','2017-08-18 21:59:04'),(44,'Jesús Alexis Montejo Mundo','9611423681','jalexm09@gmail.com','JAlhexhis Montejo M','Enero-Junio 2016','En proceso','Aún no trabajo','Aún no trabajo','','No laboro','No laboro','No trabajo','Toma de Decisiones','Desarrollo de software','',44,0,'2017-08-18 22:05:00','2017-08-18 22:05:00'),(45,'Jorge Rafael Sánchez Sánchez','9611971861','jocker00714@gmail.com','jorge.nigthscrow','Enero-Junio 2016','En proceso','Aún no trabajo','Aún no trabajo','','No laboro','No laboro','No trabajo','Toma de Decisiones','Desarrollo de software','',45,0,'2017-08-18 22:09:44','2017-08-18 22:09:44'),(46,'Isaura Margarita Hernández Felipe','9612761421','isa14_1993@live.com.mx','IZA.MARGARITA','Enero-Junio 2016','En proceso','Aún no trabajo','Aún no trabajo','','No laboro','No laboro','No trabajo','Toma de Decisiones','Base de datos','',46,0,'2017-08-18 22:13:14','2017-08-18 22:13:14'),(47,'Jonathan Nigenda Dominguez','9611978865','z3uz9205@gmail.com','JoOnY92','Enero-Junio 2016','En proceso','Aún no trabajo','Aún no trabajo','','No laboro','No laboro','No trabajo','Otro(s)','Otro(s)','',47,0,'2017-08-18 22:18:05','2017-08-18 22:18:05'),(48,'Said Arturo  Maillard Peña ','9611020036','zersad2514@gmail.com','','Enero-Junio 2016','En proceso','Aún no trabajo','Aún no trabajo','','No laboro','No laboro','No trabajo','Otro(s)','Otro(s)','',48,0,'2017-08-19 00:05:56','2017-08-19 00:05:56'),(49,'Erick López Zarate ','9612531554','erick_lopez_zarate@hotmail.com','','Enero-Junio 2016','En proceso','Aún no trabajo','Aún no trabajo','','No laboro','No laboro','No trabajo','Operacionales','Desarrollo de software','',49,0,'2017-08-19 00:08:04','2017-08-19 00:08:04'),(51,'Gaspar Cartagena Borraz','9611754018','iconsoft.110@gmail.com','gaspar.cartagena','Enero-Junio 1993','En proceso','Menos de un año','Medios de comunicación','ICONOSOFT','Propia','Primario','Poco relacionado','Trabajo','Negocios','',51,0,'2017-08-29 01:25:09','2017-08-29 01:25:09'),(52,'Jorge Pedrea Morales','9612500290','jorge.pedrazam@gmail.com','','Agosto-Diciembre 1995','Si',' 1 a 3 años','Medios de comunicación','Instituto Andes de Tuxtla','Privada','Educativo','Muy relacionado','Trabajo','Desarrollo de software','',52,0,'2017-08-29 01:30:52','2017-08-29 01:30:52'),(53,'Alejandra Espinosa Calderón','9611121427','iscespinosa@hotmail.com','Alejandra Espinosa Calderón','Agosto-Diciembre 2003','Si','Menos de un año','Bolsa de trabajo','Gobierno del Estado de Chiapas, Coordinación de Ayuntiía','Publica','Terciario','Poco relacionado','Trabajo','Otro(s)','',53,0,'2017-08-29 01:36:49','2017-08-29 01:36:49'),(54,'Isaac Moisés Vázquez Méndez','9612540271','isaacvm@hotmail.com','Isaac M. Vázquez','Agosto-Diciembre 2001','Si','Menos de un año','Bolsa de trabajo','Registro Civil del Estado','Publica','Terciario','Muy relacionado','Trabajo','Desarrollo de software','Muy importante los conocimientos adquiridos, me fuero utilies, llevé después un postgrado en el CENIDET, en morelos',54,0,'2017-08-29 01:40:22','2017-08-29 01:40:22'),(55,'Ana Laura Velasco Gutiérrez','9611774270','alvg97@gmail.com','lau_vegu','Agosto-Diciembre 2005','Si','Menos de un año','Bolsa de trabajo','Secretaria de Salud Pública Municipal','Publica','Terciario','Muy relacionado','Trabajo','Desarrollo de software','',55,0,'2017-08-29 01:43:38','2017-08-29 01:43:38'),(56,'Pascual Alonso Pérez Nango','9611435636','pereznango@gmail.com','','Agosto-Diciembre 2008','Si','Menos de un año','A través de la residencia profesional','eGlow','Privada','Terciario','Muy relacionado','Trabajo','Desarrollo de software','',56,0,'2017-08-29 01:49:23','2017-08-29 01:49:23'),(57,'Jorge Antonio Torres Ramírez','9612757512','torresjorge@outlook.com','tonitotec','Agosto-Diciembre 2008','Si',' 1 a 3 años','Bolsa de trabajo','Universidad del Sur','Privada','Educativo','Muy relacionado','Investigación','Otro(s)','',57,0,'2017-08-29 01:54:23','2017-08-29 01:54:23'),(58,'Cinthya Lourdes Velasco Anzueto','9611716656','cin.velanz@gmail.com','vahdd','Agosto-Diciembre 2008','Si',' 1 a 3 años','Bolsa de trabajo','Universidad del Sur/Gorbierno del Estado','Publica','Educativo','Muy relacionado','Vinculación','Otro(s)','',58,0,'2017-08-29 01:58:42','2017-08-29 01:58:42'),(59,'Francisco Valentin Torres López','9611977221','valente.torres@gmail.com','PakoValente7','Enero-Junio 2010','Si','Menos de un año','Medios de comunicación','Ingeniería Geofisica y Sistemas S.A de C.V','Privada','Terciario','Muy relacionado','Investigación','Desarrollo de software','',59,0,'2017-08-29 02:02:17','2017-08-29 02:02:17'),(60,'Jose Antonio Sanchez Alfonso','9612300214','antonov392@gmail.com','','Agosto-Diciembre 2013','Si','Menos de un año','Medios de comunicación','ORDICO, Secretaria de seguridad y protección ciudadana','Publica','Terciario','Muy relacionado','Toma de Decisiones','Base de datos','',60,0,'2017-08-29 02:08:45','2017-08-29 02:08:45'),(61,'Rafael Angel Montes Badillo','9611879332','daco_angel@hotmail.com','Agosto-Diciembre 2013','','No','Menos de un año','Bolsa de trabajo','','Privada','Educativo','Muy relacionado','Trabajo','Desarrollo de software','',61,0,'2017-08-30 09:59:01','2017-09-01 03:13:38'),(62,'Eduardo Roblero Jiménez','9611340853','pchouserj@hotmail.com','mericicim','Enero-Junio 2016','En proceso','Menos de un año','Medios de comunicación','Merkkiw','Propia','Terciario','Muy relacionado','Toma de Decisiones','Negocios','',62,0,'2017-08-30 10:07:41','2017-08-30 10:07:41'),(63,'Jenny Daniela Borraz Navarro','9612395270','jenny.borraz@hotmail.com','borrazjenny','Agosto-Diciembre 2012','Si','Menos de un año','A través de la residencia profesional','Ingeniería, Geofisica y Sistemas S.A de C.V','Privada','Terciario','Parcialmente','Trabajo','Otro(s)','',63,0,'2017-08-30 10:19:33','2017-08-30 10:19:33'),(64,'Angel Eduardo Morales Coutiño','9612628934','angel@gnius.club','Angel Eduardo Morales','Enero-Junio 2005','No','Menos de un año','A través de la residencia profesional','Gnius Club','Privada','Educativo','Muy relacionado','Trabajo','Redes','',64,0,'2017-08-30 10:24:21','2017-08-30 10:24:21'),(65,'Adrian Alejandro Alias Alfaro','9611375411','adrian.alias@ciiti.net','','Agosto-Diciembre 2004','Si',' 1 a 3 años','Bolsa de trabajo','Dirección del Registro Civil del Estado','Publica','Terciario','Muy relacionado','Operacionales','Otro(s)','',65,0,'2017-08-30 10:30:56','2017-08-30 10:30:56'),(66,'Edwuard Hernán Cabrera Rodriguez','9613263015','edwuarcabrera@hotmail.com','ecabrera','Agosto-Diciembre 2016','Si','Menos de un año','Bolsa de trabajo','Bitzero Technologies','Privada','Terciario','Muy relacionado','Vinculación','Base de datos','',66,0,'2017-08-30 10:40:04','2017-08-30 10:40:04'),(67,'Gelver Octavio Cuello Cuello','9616089329','compras@microchip.com.mx','','Agosto-Diciembre 2013','No','Menos de un año','Bolsa de trabajo','Microchip, Computadoras y Tecnológica','Privada','Primario','Muy relacionado','Trabajo','Desarrollo de software','',67,0,'2017-08-30 22:25:29','2017-08-30 22:25:29'),(68,'Dulce Berenice López Vázquez','9613520148','lv_berenice@outlook.es','Bere Vaquez','Enero-Junio 2017','En proceso','Aún no trabajo','Aún no trabajo','','No laboro','No laboro','No trabajo','Toma de Decisiones','Base de datos','',68,0,'2017-09-01 00:42:19','2017-09-01 00:42:19'),(70,'Angel Eduardo Morales Coutiño','9612628934','ing.angel.morales@gmail.com','angel.moralescoutino','Agosto-Diciembre 2004','No','Menos de un año','Bolsa de trabajo','Gnius Space, A.C.','Privada','Terciario','Muy relacionado','Trabajo','Desarrollo de software','',70,0,'2017-09-01 01:52:13','2017-09-01 01:52:13'),(71,'Amairani Poulette Gómez Aragón','9612775239, 9613478072','ami_poulette19@hotmail.es','https://www.facebook.com/amygom','Enero-Junio 2017','No','Aún no trabajo','Aún no trabajo','','No laboro','No laboro','No trabajo','Otro(s)','Otro(s)','',71,0,'2017-09-05 00:14:28','2017-09-05 00:14:28'),(72,'José Alexis Chávez Galeas','9612323191','alexis.galeas93@gmail.com','facebook.com/alexis.galeas.5','Enero-Junio 2017','No','Aún no trabajo','Bolsa de trabajo','','Publica','Primario','Muy relacionado','Trabajo','Desarrollo de software','',73,0,'2017-09-05 02:51:14','2017-09-05 02:51:14'),(73,'Aldrin  Velazquez Solis ','9613520383','aldrin.vel.sol@hotmail.com','Aldrin Velázquez Solís','Enero-Junio 2017','No','Aún no trabajo','Aún no trabajo','','No laboro','No laboro','No trabajo','Trabajo','Desarrollo de software','',74,0,'2017-09-05 07:42:02','2017-09-05 07:42:02'),(74,'Ediberto Arcos Sanchez','9611611082','arcos_sistemas@hotmail.com','','Enero-Junio 2017','Si','Aún no trabajo','Aún no trabajo','','No laboro','No laboro','No trabajo','Trabajo','Otro(s)','',75,0,'2017-09-05 07:55:37','2017-09-05 07:55:37'),(75,'Luis Ángel  Nataren López','966-107-9490','angel21091993@gmail.com','https://www.facebook.com/natarenangel','Enero-Junio 2017','En proceso','Aún no trabajo','Aún no trabajo','','No laboro','No laboro','No trabajo','Trabajo','Desarrollo de software','',72,0,'2017-09-05 08:17:48','2017-09-05 08:17:48'),(76,'Jessica Rincón Trujillo','9612479231','JESSSSY_1993@HOTMAIL.COM','','Enero-Junio 2017','Si','Menos de un año','Bolsa de trabajo','','Publica','Primario','Muy relacionado','Trabajo','Desarrollo de software','',76,0,'2017-09-05 09:00:18','2017-09-05 09:00:18'),(77,'Carlos Alexis Ortiz Camas','9616029427','otz_carlos@outlook.com','Alexis Ortiz','Enero-Junio 2017','En proceso','Aún no trabajo','Aún no trabajo','','No laboro','No laboro','No trabajo','Trabajo','Desarrollo de software','',69,0,'2017-09-05 09:10:27','2017-09-05 09:10:27'),(78,'Daniel Alejandro Mérida Guzmán','9612425158','danimerida07@gmail.com','Daniel Alejandro Merida Guzman','Enero-Junio 2017','No','Aún no trabajo','Aún no trabajo','','Publica','No laboro','Muy relacionado','Trabajo','Desarrollo de software','',77,0,'2017-09-05 11:42:27','2017-09-05 11:42:27'),(79,'Joshio García Mancilla','9611312763','joshio_garcia@hotmail.com','Joshio Garcia','Enero-Junio 2017','En proceso','Menos de un año','Bolsa de trabajo','Universidad Valle del Grijalva Campus Tuxtla','Privada','Educativo','Muy relacionado','Trabajo','Redes','',78,0,'2017-09-05 21:17:51','2017-09-05 21:17:51'),(80,'AIMER ALBERTO SIMON SIGARROA','9611769151','AIMER.SIMON.SIGARROA@HOTMAIL.COM','Enero-Junio 2017','','En proceso','Menos de un año','Bolsa de trabajo','','Publica','Primario','Muy relacionado','Trabajo','Desarrollo de software','',79,0,'2017-09-05 22:48:17','2017-09-05 22:48:56'),(83,'Francisco Javier Reyes Hernández','9612548056','panchitoxp@hotmail.com','Panchito Reyes','Enero-Junio 2017','En proceso','Aún no trabajo','Aún no trabajo','','No laboro','No laboro','Muy relacionado','Trabajo','Desarrollo de software','La pagina no responsiva ya que no se adapta a la resolución de mi pantalla',81,0,'2017-09-05 23:57:20','2017-09-05 23:57:20'),(84,'Azael Espinosa Sanchez','9612802758','azael_1412@hotmail.com','Azael Espinoza Sánchez','Agosto-Diciembre 2016','En proceso','Aún no trabajo','Aún no trabajo','','No laboro','No laboro','No trabajo','Trabajo','Desarrollo de software','La Pagina web peresenta la informacion de manera incorrecta, no se pueden visualizar los datos bien, no se acomplan a la pantalla y algunos  datos estan en ingles ',82,0,'2017-09-06 00:10:02','2017-09-06 00:10:02'),(85,'José Daniel Fragoso Gómez','9613371966','ing.fragoso94@gmail.com','Dannii Fragoso','Enero-Junio 2017','En proceso','Aún no trabajo','Aún no trabajo','','No laboro','No laboro','No trabajo','Trabajo','Desarrollo de software','',83,0,'2017-09-06 00:20:28','2017-09-06 00:20:28'),(86,'Jonatan Palacios Camacho','9611748051','jonatanpalaciosiitg@hotmail.com','Jonatan Palacios Camacho','Enero-Junio 2017','En proceso','Aún no trabajo','Aún no trabajo','','No laboro','No laboro','No trabajo','Toma de Decisiones','Otro(s)','',84,0,'2017-09-06 00:24:47','2017-09-06 00:24:47'),(87,'Carmen Guadalupe Suárez Hernández','9611075221','srzhdezcarmen@gmail.com','','Enero-Junio 2017','En proceso','Aún no trabajo','Aún no trabajo','','No laboro','No laboro','No trabajo','Trabajo','Desarrollo de software','La pagina web esta mal diseñada',85,0,'2017-09-06 00:44:25','2017-09-06 00:44:25'),(88,'Paola Yamilit Lopez Espinoza','9611616810','ropyla_pyle@hotmail.com','Paola lopez espinoza','Enero-Junio 2017','En proceso','Aún no trabajo','Aún no trabajo','','No laboro','No laboro','No trabajo','Toma de Decisiones','Negocios','',86,0,'2017-09-06 07:39:11','2017-09-06 07:39:11'),(89,'Dulce Maria  Hernandez Rodriguez','9612419752','dmhr_5774@hotmail.com','https://www.facebook.com/DulceMariaHdzR','Enero-Junio 2017','En proceso','Aún no trabajo','Bolsa de trabajo','','Publica','No laboro','No trabajo','Trabajo','Desarrollo de software','',87,0,'2017-09-06 07:52:32','2017-09-06 07:52:32'),(90,'Milagros Roquiz Fonseca','0449611179966','ing.milagros.roquiz@gmail.com','https://www.facebook.com/Militin','Agosto-Diciembre 2004','Si','Menos de un año','Medios de comunicación','Gnius Club','Privada','Educativo','Muy relacionado','Trabajo','Desarrollo de software','',88,0,'2017-09-06 11:19:46','2017-09-06 11:19:46'),(91,'javier alberto ayala salazar javier ayala','9513912751','ayala.4@hotmail.com','Enero-Junio 2017','','Si','Menos de un año','Bolsa de trabajo','','Publica','Primario','Muy relacionado','Trabajo','Desarrollo de software','',89,0,'2017-09-07 08:36:36','2017-09-07 08:36:55'),(92,'Jorge Candelario  Montúfar Solórzano','9612324602','jorgemontu21@gmail.com','https://www.facebook.com/jorghe.aveiro','Enero-Junio 2017','No','Menos de un año','Medios de comunicación','INFA','Privada','Educativo','Parcialmente','Toma de Decisiones','Desarrollo de software','',90,0,'2017-09-07 10:07:23','2017-09-07 10:07:23'),(93,'Darinel Rodríguez Álvarez ','9611322474','darinel857@hotmail.com','Darinel Alvarez','Enero-Junio 2017','En proceso','Aún no trabajo','Aún no trabajo','Aun no trabajo ','No laboro','No laboro','No trabajo','Trabajo','Desarrollo de software','',91,0,'2017-09-07 11:11:36','2017-09-07 11:11:36'),(94,'MARTIN CECILIO OVANDO HERNANDEZ','9611079617','martincoh93@gmail.com','','Enero-Junio 2017','No','Aún no trabajo','Aún no trabajo','','No laboro','No laboro','No trabajo','Investigación','Desarrollo de software','',92,0,'2017-09-08 03:28:33','2017-09-08 03:28:33'),(95,'Mairani  Salas Sanchez','9612396055','manch-96@hotmail.com','Mairani salas','Enero-Junio 2017','En proceso','Aún no trabajo','Aún no trabajo','','No laboro','No laboro','No trabajo','Trabajo','Desarrollo de software','',93,0,'2017-09-08 04:36:28','2017-09-08 04:36:28'),(96,'Juan Antonio  Gutiérrez Pineda','1215839','coda_2606@hotmail.com','Gtz. Pineda Jhon Anthony ','Enero-Junio 2017','En proceso','Menos de un año','Medios de comunicación','Estudio Xv','Propia','Educativo','Poco relacionado','Toma de Decisiones','Otro(s)','',95,0,'2017-09-12 00:21:32','2017-09-12 00:21:32'),(97,'Roselin Pérez Espinosa','9611785129','roselin1011@live.com','Enero-Junio 2017','','En proceso','Aún no trabajo','Aún no trabajo','','No laboro','No laboro','No trabajo','Trabajo','Aplicaciones móviles','',96,0,'2017-09-13 06:37:38','2017-09-13 06:40:40'),(98,'Abraham  Moreno Dominguez','9616073776','abran_more@hotmail.com','Abraham Moreno Dominguez','Enero-Junio 2017','No','Aún no trabajo','Aún no trabajo','No estoy laborando','No laboro','No laboro','No trabajo','Trabajo','Otro(s)','Estoy buscando trabajo, actualmente estudio una maestria los fines de semana',97,0,'2017-09-18 20:44:47','2017-09-18 20:44:47'),(99,'Pedro Ángel  Pérez Solís','9616522034','p.ang@outlook.es','Agosto-Diciembre 2016','','En proceso','Aún no trabajo','Aún no trabajo','','No laboro','No laboro','No trabajo','Trabajo','Desarrollo de software','',98,0,'2017-09-20 04:11:44','2017-09-20 04:33:09'),(100,'Javier  Hidalgo Díaz','9611690336','jaavierhd@icloud.com','https://www.facebook.com/jaavierhd','Enero-Junio 2017','En proceso','Aún no trabajo','Aún no trabajo','','No laboro','No laboro','No trabajo','Trabajo','Base de datos','',99,0,'2017-09-20 04:29:27','2017-09-20 04:29:27'),(101,'MAELY GUADALUPE  JOSE CHAMPO','9611892257','jotwoman_ochoa@hotmail.com','Enero-Junio 2017','','En proceso','Aún no trabajo','Aún no trabajo','','No laboro','No laboro','No trabajo','Trabajo','Otro(s)','',100,0,'2017-09-21 08:53:42','2017-09-21 08:57:23'),(102,'Jonathan Tadeo Gómez Gutiérrez','9612095354','tadeogutz@hotmail.com','https://www.facebook.com/tadeo.gutierrez2','Enero-Junio 2017','Si','Aún no trabajo','Aún no trabajo','ninguna','No laboro','No laboro','No trabajo','Otro(s)','Otro(s)','',101,0,'2017-09-26 02:34:35','2017-09-26 02:34:35'),(103,'Zeuz de Jesus Sánchez Lira','961137886','ZeuzSanLir@Outlook.com','https://twitter.com/zeuzonwall','Enero-Junio 2017','No','Aún no trabajo','Aún no trabajo','','No laboro','No laboro','No trabajo','Otro(s)','Otro(s)','Demaciada dependenia de las preguntas con relacion a la 7ma',102,0,'2017-09-28 23:51:00','2017-09-28 23:51:00'),(104,'Cinthya Lourdes Velasco Anzueto','9611716656','cin_velanz@hotmail.com','@vahdd','Agosto-Diciembre 2008','Si','Menos de un año','Bolsa de trabajo','Gobierno del Estado','Publica','Primario','Poco relacionado','Trabajo','Otro(s)','',103,0,'2017-10-04 03:15:35','2017-10-04 03:15:35'),(105,'José Guadalupe  Díaz Hernández','9611553990','jc.diaz.asg@gmail.com','JC Diaz','Enero-Junio 2017','En proceso','Menos de un año','Medios de comunicación','Microchip','Privada','Terciario','Muy relacionado','Trabajo','Desarrollo de software','',104,0,'2017-10-04 10:29:21','2017-10-04 10:29:21'),(106,'Jorge Luis Gonzalez Hernandez','9611055132','COLOCHO-2104@HOTMAIL.COM','','Enero-Junio 2017','Si','Menos de un año','Bolsa de trabajo','','Publica','Primario','Muy relacionado','Trabajo','Desarrollo de software','',105,0,'2017-10-23 13:20:31','2017-10-23 13:20:31'),(107,'LUIS ANTONIO  CULEBRO','9617091833','luisculebroisc@gmail.com','luis antonio culebro de la cruz','Enero-Junio 2017','En proceso',' 1 a 3 años','Medios de comunicación','halcon','Privada','Secundario','Poco relacionado','Otro(s)','Otro(s)','',106,0,'2017-10-25 04:48:43','2017-10-25 04:48:43'),(108,'Carlos Alexis Tapia Montiel','9612899782','ccatmtapia@gmail.com','','Agosto-Diciembre 2001','Si','Menos de un año','Medios de comunicación','CFE EPS I Central Hidroeléctrica Malpaso','Publica','Primario','Muy relacionado','Trabajo','Redes','',107,0,'2017-11-02 22:19:27','2017-11-02 22:19:27'),(109,'Alexandra de Jesús Santos Caravantes','9611599829','ajsantoscaravantes@outlook.com','https://www.facebook.com/AlexaSantos6511','Agosto-Diciembre 2017','En proceso','Aún no trabajo','Aún no trabajo','','No laboro','No laboro','No trabajo','Investigación','Desarrollo de software','',108,0,'2018-01-15 23:26:11','2018-01-15 23:26:11'),(112,'Luis Angel  Gomez Grajales','9617012243','chivas_brean@hotmail.com','https://www.facebook.com/angel.breangomez','Agosto-Diciembre 2017','Si','Aún no trabajo','Aún no trabajo','','No laboro','No laboro','No trabajo','Trabajo','Desarrollo de software','',111,0,'2018-01-15 23:56:54','2018-01-15 23:56:54'),(113,'Ricardo Gómez Chávez','9612603345','chavezricardo18@outlook.com','https://www.facebook.com/ricardochavez09','Agosto-Diciembre 2017','Si','Aún no trabajo','Aún no trabajo','ninguna','No laboro','No laboro','No trabajo','Trabajo','Base de datos','',110,0,'2018-01-16 00:01:51','2018-01-16 00:01:51'),(114,'Shanel Daniela Reyes Palacios','9611901730','isc_shanel_reyes@hotmail.com','','Agosto-Diciembre 2017','En proceso','Aún no trabajo','Aún no trabajo','','No laboro','No laboro','No trabajo','Trabajo','Desarrollo de software','',112,0,'2018-01-16 00:13:31','2018-01-16 00:13:31'),(115,'Silvano Antonio Molina Pérez','9611750764','silvano_94_@hotmail.com','','Agosto-Diciembre 2016','En proceso','Aún no trabajo','Aún no trabajo','','No laboro','No laboro','No trabajo','Trabajo','Desarrollo de software','',113,0,'2018-01-16 00:18:06','2018-01-16 00:18:06'),(116,'Manuel de Jesús Pérez Nango','9611133537','manuelpereznango11@gmail.com','Agosto-Diciembre 2017','https://www.facebook.com/manuel.pereznango','Si','Aún no trabajo','Aún no trabajo','Ninguna','No laboro','No laboro','No trabajo','Trabajo','Desarrollo de software','',114,0,'2018-01-16 00:40:41','2018-01-16 00:41:28'),(117,'Jorge Luis González Hernández','9611301851','COLOCHO-2104@HOTMAIL.COM','Agosto-Diciembre 2017','','Si','Menos de un año','Bolsa de trabajo','','Publica','Primario','Muy relacionado','Trabajo','Desarrollo de software','',115,0,'2018-01-16 10:48:21','2018-01-16 10:48:32'),(118,'Hugo Alexis Viza Avendaño','9611145100','hugoviza123@gmail.com','https://www.facebook.com/hugoviza1','Agosto-Diciembre 2017','Si','Aún no trabajo','Aún no trabajo','Ninguna','No laboro','No laboro','No trabajo','Trabajo','Desarrollo de software','',116,0,'2018-01-16 11:01:21','2018-01-16 11:01:21'),(119,'Jesús Alexánder López Rosas','9611166076','alexander.lr@outlook.com','https://www.facebook.com/AlexanderOMGa','Agosto-Diciembre 2017','En proceso','Aún no trabajo','Aún no trabajo','Ninguna','No laboro','No laboro','No trabajo','Otro(s)','Desarrollo de software','Ninguna',117,0,'2018-01-18 02:10:49','2018-01-18 02:10:49'),(120,'Carlos Alberto Culebro Esquinca','9611580262','cculebroes@gmail.com','https://www.facebook.com/Carlos.A.Culebro','Agosto-Diciembre 2017','En proceso','Aún no trabajo','Aún no trabajo','','No laboro','Primario','No trabajo','Trabajo','Desarrollo de software','',118,0,'2018-01-19 11:05:19','2018-01-19 11:05:19'),(121,'Esdras  Lopez','9611190568','Exdraz_Lpz@outlook.com','Agosto-Diciembre 2017','EazBoss','Si','Menos de un año','Bolsa de trabajo','no laboro','Publica','Primario','Muy relacionado','Trabajo','Desarrollo de software','',119,0,'2018-02-09 00:43:23','2018-02-09 00:51:48'),(122,'Esdras Lopez','9611190568','Exdraz.Boss@gmail.com','Agosto-Diciembre 2017','EazLopez','Si','Menos de un año','Bolsa de trabajo','','Privada','Primario','Muy relacionado','Toma de Decisiones','Aplicaciones móviles','Hola',121,0,'2018-03-06 22:20:36','2018-03-06 23:02:47'),(123,'Jessica Yael Ovalle Estrada','81 26983834','ovalle278@gmail.com','Yael Ovalle','Agosto-Diciembre 2017','En proceso','Menos de un año','Medios de comunicación','','Propia','Terciario','Muy relacionado','Trabajo','Arquitectura de computadoras','',122,0,'2018-03-07 00:48:50','2018-03-07 00:48:50'),(124,'Héctor Iván Ramos Vazquez','9616407787','tetor1900@gmail.com','https://facebook.com/hramosvz','Agosto-Diciembre 2017','Si','Menos de un año','Bolsa de trabajo','','Publica','Primario','Muy relacionado','Trabajo','Redes','',123,0,'2018-03-07 01:15:34','2018-03-07 01:15:34'),(125,'María José  Reyes Guillén ','9612342089','majoreyes4@gmail.com','Reyes Marijó','Agosto-Diciembre 2017','En proceso','Aún no trabajo','Aún no trabajo','','Publica','No laboro','Muy relacionado','Trabajo','Redes','',124,0,'2018-03-07 01:23:22','2018-03-07 01:23:22'),(126,'Daniel Eliseo Valencia Reyes','9611606968','odek_daniel@hotmail.com','Daniel valencia','Agosto-Diciembre 2017','En proceso','Menos de un año','Medios de comunicación','Marcos Artisticos','Publica','Secundario','Poco relacionado','Trabajo','Aplicaciones móviles','Ninguno',125,0,'2018-03-07 01:29:19','2018-03-07 01:29:19'),(127,'Mario Carlos Tovilla Gerardo. ','9612629275','snake-eyes15@hotmail.com','Mario Tovilla ','Agosto-Diciembre 2016','En proceso','Menos de un año','Bolsa de trabajo','','Publica','Primario','Muy relacionado','Trabajo','Desarrollo de software','',126,0,'2018-03-07 01:30:13','2018-03-07 01:30:13'),(128,'William antonio Velázquez cuevas ','9611859097','fire_blue_27@hotmail.com','Anthony Velázquez ','Agosto-Diciembre 2017','En proceso','Menos de un año','Medios de comunicación','Identicard','Privada','Secundario','Muy relacionado','Trabajo','Negocios','',127,0,'2018-03-07 01:32:00','2018-03-07 01:32:00'),(129,'Kenya  Tovilla Blanco','9612186678','ktb1205@hotmail.com','Ken Blanco ','Agosto-Diciembre 2017','Si','Aún no trabajo','Aún no trabajo','No trabajo.','No laboro','No laboro','No trabajo','Trabajo','Aplicaciones móviles','',128,0,'2018-03-07 01:35:21','2018-03-07 01:35:21'),(130,'Carlos Fernando Rico Girón ','9611002890','riicoo28@gmail.com','Fernando Rico','Agosto-Diciembre 2016','En proceso','Aún no trabajo','Aún no trabajo','','No laboro','No laboro','No trabajo','Investigación','Desarrollo de software','',129,0,'2018-03-07 01:47:37','2018-03-07 01:47:37'),(131,'Miguel Angel Espinosa Aleman','6184919','michael_aleman93@hotmail.com','Michael Aleman Aleman','Agosto-Diciembre 2017','En proceso','Menos de un año','Medios de comunicación','Swett','Privada','Terciario','Muy relacionado','Trabajo','Otro(s)','',130,0,'2018-03-07 04:51:17','2018-03-07 04:51:17'),(132,'Luis Fernando Moguel Jiménez ','9613315043','luisfermj@hotmail.com','Luis Fernando MJ','Agosto-Diciembre 2017','En proceso','Menos de un año','Medios de comunicación','Delegación Estatal Próspera ','Publica','Terciario','Poco relacionado','Trabajo','Otro(s)','La falta de ofertas laborales hacen que no podamos dar nuestro máximo potencial  en el área que nos formamos.',131,0,'2018-03-07 05:48:19','2018-03-07 05:48:19'),(133,'Reybel De Coss Mendez','9616586734','decoss_1994@hotmail.com','Reybel De Coss Mendez','Agosto-Diciembre 2013','No','Aún no trabajo','Aún no trabajo','','No laboro','No laboro','No trabajo','Toma de Decisiones','Desarrollo de software','',133,0,'2018-03-07 12:08:24','2018-03-07 12:08:24'),(134,'Reybel De Coss Mendez','9616586734','decoss_1994@hotmail.com','Reybel De Coss Mendez','Agosto-Diciembre 2013','No','Aún no trabajo','Aún no trabajo','','No laboro','No laboro','No trabajo','Toma de Decisiones','Desarrollo de software','',133,0,'2018-03-07 12:09:23','2018-03-07 12:09:23'),(135,'Miriam Yamasaki Aguilar','9612309562','miriam-yamasaki@outlook.com','Miri Yamasaki','Agosto-Diciembre 2017','En proceso','Aún no trabajo','Aún no trabajo','Aún no trabajo','No laboro','No laboro','No trabajo','Toma de Decisiones','Otro(s)','',134,0,'2018-03-07 14:30:09','2018-03-07 14:30:09'),(136,'Juan Carlos López Gómez','9612670826','j.c.l.g_123@hotmail.com','','Agosto-Diciembre 2017','En proceso','Menos de un año','A través de la residencia profesional','','Publica','Primario','Muy relacionado','Trabajo','Desarrollo de software','',135,0,'2018-03-07 23:39:12','2018-03-07 23:39:12'),(137,'José Daniel  Rosales Constantino','9612530680','roco_daniel_34@hotmail.com','Daniel Constantino','Agosto-Diciembre 2016','En proceso','Aún no trabajo','Aún no trabajo','No laboro','No laboro','No laboro','No trabajo','Trabajo','Base de datos','',136,0,'2018-03-08 02:21:22','2018-03-08 02:21:22'),(138,'Luis Fernando Cruz Torres','9613730859','cruzfer@hotmail.es','','Agosto-Diciembre 2017','En proceso','Aún no trabajo','Aún no trabajo','','No laboro','No laboro','No trabajo','Trabajo','Redes','',137,0,'2018-03-08 02:53:02','2018-03-08 02:53:02'),(139,'Luis Alberto Núñez Molina','9611942093','luisnumo.94@hotmail.com','LuisNuMo','Agosto-Diciembre 2017','Si','Aún no trabajo','Aún no trabajo','','No laboro','No laboro','No trabajo','Trabajo','Base de datos','',138,0,'2018-03-08 04:05:22','2018-03-08 04:05:22'),(140,'Josué Renán Velázquez González','9612481335','naner_2000@hotmail.com','Josué Renän','Agosto-Diciembre 2017','En proceso','Aún no trabajo','Bolsa de trabajo','','No laboro','No laboro','No trabajo','Trabajo','Otro(s)','',139,0,'2018-03-08 04:34:24','2018-03-08 04:34:24'),(141,'Eduardo Villaseñor Peñaloza','9161406466','eduardo_vipe@outlook.com','Eduardo Villaseñor Peñaloza','Agosto-Diciembre 2017','En proceso','Aún no trabajo','Aún no trabajo','','No laboro','No laboro','No trabajo','Trabajo','Desarrollo de software','',140,0,'2018-03-08 04:36:22','2018-03-08 04:36:22'),(142,'Luis Eduardo Mandujano Velasco','9671366804','lemv1995@hotmail.com','https://www.facebook.com/luiseduardo.mandujanovelasco','Agosto-Diciembre 2017','Si','Aún no trabajo','Aún no trabajo','','No laboro','No laboro','No trabajo','Otro(s)','Desarrollo de software','',141,0,'2018-03-08 04:39:38','2018-03-08 04:39:38'),(143,'Miguel Ángel  De la Cruz Sánchez ','9617092338','ingmigue10@hotmail.com','','Agosto-Diciembre 2017','Si','Menos de un año','Bolsa de trabajo','Máxima Fm','Publica','Educativo','Parcialmente','Trabajo','Negocios','',142,0,'2018-03-08 05:19:36','2018-03-08 05:19:36'),(144,'Diego Armando Córdova Morales','9611272382','ingcordova2@gmail.com','','Agosto-Diciembre 2017','Si','Aún no trabajo','Aún no trabajo','','No laboro','No laboro','No trabajo','Toma de Decisiones','Desarrollo de software','',143,0,'2018-03-08 10:45:28','2018-03-08 10:45:28'),(145,'Rodrigo Emanuel López Sarmiento','9611398674','lopez_sarmiento@hotmail.com','Rodrigo Emanuel López Sarmiento','Agosto-Diciembre 2017','En proceso','Aún no trabajo','Aún no trabajo','','No laboro','No laboro','No trabajo','Trabajo','Redes','',144,0,'2018-03-08 22:35:22','2018-03-08 22:35:22'),(146,'Sergio Osbaldo  Dominguez Ramirez','9611683230','osbaldo93dominguez@gmail.com','','Agosto-Diciembre 2017','En proceso','Aún no trabajo','Aún no trabajo','','Privada','No laboro','No trabajo','Trabajo','Desarrollo de software','',145,0,'2018-03-09 02:37:14','2018-03-09 02:37:14'),(147,'David Alfredo Ley Chang','(961) 2363611','ley.chang@hotmail.com','','Agosto-Diciembre 2017','En proceso','Aún no trabajo','Aún no trabajo','','No laboro','No laboro','No trabajo','Trabajo','Desarrollo de software','',146,0,'2018-03-09 08:34:43','2018-03-09 08:34:43'),(148,'LUIS RODRIGO PEREZ GOMEZ','9612466495','aramiz2292@gmail.com','Luis Rodrigo Perez Gomez','Agosto-Diciembre 2017','Si','Menos de un año','Bolsa de trabajo','','No laboro','No laboro','Muy relacionado','Trabajo','Otro(s)','',147,0,'2018-03-09 11:02:02','2018-03-09 11:02:02'),(149,'Rafael Alberto Martínez Méndez','9611669193','martinez_brg21@protonmail.com','Rafael Martínez Méndez','Agosto-Diciembre 2017','En proceso','Aún no trabajo','Aún no trabajo','','No laboro','No laboro','No trabajo','Trabajo','Desarrollo de software','',148,0,'2018-03-09 11:38:56','2018-03-09 11:38:56'),(151,'Erick omar  Leon salazar','9613490134','erickleon@outlook.com','Erick Omar leon Salazar ','Agosto-Diciembre 2017','En proceso','Menos de un año','A través de la residencia profesional','Consejo de la judicatura federal ','Publica','Secundario','Muy relacionado','Vinculación','Otro(s)','',149,0,'2018-03-10 10:44:47','2018-03-10 10:44:47'),(152,'Edgard José Díaz Tipacamú','9612924843','josgard94@gmail.com','Díaz JT ','Agosto-Diciembre 2016','En proceso','Aún no trabajo','Aún no trabajo','','No laboro','No laboro','No trabajo','Trabajo','Desarrollo de software','Ninguna',150,0,'2018-03-10 12:22:20','2018-03-10 12:22:20'),(153,'Jesus David Castillejos Rosales','60000831','jesusrosalesisc@gmail.com','','Agosto-Diciembre 2017','En proceso','Aún no trabajo','Aún no trabajo','','Publica','Primario','Muy relacionado','Trabajo','Desarrollo de software','',151,0,'2018-03-10 22:11:16','2018-03-10 22:11:16'),(154,'Jorge Isaac Camacho Chicati ','9611896842','jorge_Isaac_957@hotmail.com','Jorge Chicati','Agosto-Diciembre 2017','En proceso','Menos de un año','Bolsa de trabajo','Sanatorio Muñoa','Privada','Secundario','Poco relacionado','Toma de Decisiones','Negocios','',152,0,'2018-03-11 12:20:54','2018-03-11 12:20:54'),(155,'Francisco Daniel  Ruiz Hernández ','9671137057 ','francisco.daniel.ruiz.hernandez@hotmail.com','Francisco Daniel Ruiz ','Agosto-Diciembre 2017','En proceso','Aún no trabajo','Aún no trabajo','','No laboro','No laboro','No trabajo','Trabajo','Otro(s)','',153,0,'2018-03-12 04:23:20','2018-03-12 04:23:20'),(156,'Edgar Eduardo Sol Alfaro','9611133500','solalfaro1@hotmail.com','https://www.facebook.com/Edgar.Sol.94','Agosto-Diciembre 2017','En proceso','Aún no trabajo','Aún no trabajo','','No laboro','No laboro','No trabajo','Trabajo','Otro(s)','',154,0,'2018-03-12 23:29:03','2018-03-12 23:29:03'),(157,'José Omar Lopez Gomez','9612669787','joseomar_2905@hotmail.com','Jose Omar Lopez Gomez','Agosto-Diciembre 2017','No','Menos de un año','Medios de comunicación','CADOP','Propia','Terciario','Poco relacionado','Trabajo','Base de datos','Necesitamos trabajo como egresados del TEC. Tuxtla',156,0,'2018-03-14 00:59:06','2018-03-14 00:59:06'),(159,'Manuel de Jesus  Perez Nango','9611133537','manuelpereznango.1@outlook.com','','Agosto-Diciembre 2017','En proceso','Aún no trabajo','Aún no trabajo','no laboro','No laboro','No laboro','No trabajo','Trabajo','Desarrollo de software','',157,0,'2018-03-20 18:32:36','2018-03-20 18:32:36'),(160,'Carlos Fernando  Rico Girón  ','9611002890','ricogiron1@outlook.com','','Agosto-Diciembre 2017','En proceso','Menos de un año','Medios de comunicación','independiente','Propia','Educativo','Muy relacionado','Toma de Decisiones','Desarrollo de software','',158,0,'2018-03-20 18:38:05','2018-03-20 18:38:05'),(161,'Mario Carlos  Tovilla Gerardo','9612629275','tovillagerardo.1@outlook.com','','Agosto-Diciembre 2017','En proceso','Menos de un año','Medios de comunicación','NA','Privada','Secundario','Poco relacionado','Trabajo','Negocios','',159,0,'2018-03-20 18:44:06','2018-03-20 18:44:06'),(162,'José Daniel   Rosales Constantino ','9612530680','josenadiel.1@outlook.com','','Agosto-Diciembre 2017','En proceso','Aún no trabajo','Aún no trabajo','','No laboro','No laboro','No trabajo','Trabajo','Desarrollo de software','',160,0,'2018-03-20 18:54:32','2018-03-20 18:54:32'),(163,'Roxana Rodriguez Roque','9612553891','rodriguezroque.1@outlook.com','','Agosto-Diciembre 2017','En proceso','Menos de un año','Aún no trabajo','','No laboro','No laboro','No trabajo','Toma de Decisiones','Base de datos','',161,0,'2018-03-20 19:01:38','2018-03-20 19:01:38'),(164,'Carlos Alberto Ramirez Escobar','9611129078','ramirezescobar@outlook.com','','Agosto-Diciembre 2017','En proceso','Aún no trabajo','Aún no trabajo','','No laboro','No laboro','No trabajo','Trabajo','Desarrollo de software','',162,0,'2018-03-20 19:05:24','2018-03-20 19:05:24'),(165,'Edgar Amauri Alfosa Martinez','9651171916','alfosamartinez.01@outlook.com','','Agosto-Diciembre 2017','En proceso','Menos de un año','Medios de comunicación','','Publica','Primario','Parcialmente','Toma de Decisiones','Otro(s)','',163,0,'2018-03-20 19:09:23','2018-03-20 19:09:23'),(166,'Emmanuel Chacho Avendaño','9612682990','chachoavendano.1@outlook.com','','Agosto-Diciembre 2017','En proceso','Menos de un año','Aún no trabajo','','No laboro','Primario','No trabajo','Trabajo','Desarrollo de software','',164,0,'2018-03-20 19:13:51','2018-03-20 19:13:51'),(167,'Alejandro Adrian Espinosa Lopez','9611738704','espinosalopez@outlook.com','','Agosto-Diciembre 2017','En proceso','Menos de un año','Medios de comunicación','grupo de innovacion e investigacion tecnologica s.a de c.v','Propia','Primario','Muy relacionado','Trabajo','Negocios','',165,0,'2018-03-20 19:21:07','2018-03-20 19:21:07'),(168,'Yael Aguilar Alegria','9616160740','aguilaralegria.1@outlook.com','','Agosto-Diciembre 2017','No','Menos de un año','Medios de comunicación','copifax','Privada','Secundario','Poco relacionado','Trabajo','Otro(s)','',166,0,'2018-03-20 19:25:40','2018-03-20 19:25:40'),(169,'Edgard José  Díaz Tipacamú','9612924843','diaztipacamu.1@outlook.com','','Agosto-Diciembre 2017','En proceso','Menos de un año','A través de la residencia profesional','','Propia','Secundario','Muy relacionado','Trabajo','Desarrollo de software','',167,0,'2018-03-20 19:29:23','2018-03-20 19:29:23'),(170,'Reybel  De Coss Mendez ','9616586734','cossmendez.1@outlook.com','','Agosto-Diciembre 2017','No','Aún no trabajo','Aún no trabajo','','No laboro','No laboro','No trabajo','Toma de Decisiones','Desarrollo de software','',168,0,'2018-03-20 19:32:47','2018-03-20 19:32:47'),(173,'Luis Alberto  Corzo','9611807560','luiscorzo_edu@outlook.com','','Enero-Junio 2018','No','Menos de un año','Medios de comunicación','Órdico','Privada','Primario','Muy relacionado','Trabajo','Desarrollo de software','',171,0,'2018-09-12 08:43:28','2018-09-12 08:43:28'),(174,'Carolina  Hernández López ','9616523006','caritoh704@gmail.com','Carito Hernández','Enero-Junio 2018','En proceso','Aún no trabajo','Aún no trabajo','','No laboro','No laboro','No trabajo','Trabajo','Desarrollo de software','',172,0,'2018-09-13 03:29:26','2018-09-13 03:30:37'),(175,'Rachel  Hernández Maza','9612482135','soyrachelhm@gmail.com','Rachel Hernández Maza','Enero-Junio 2018','En proceso','Aún no trabajo','Bolsa de trabajo','','No laboro','No laboro','No trabajo','Trabajo','Desarrollo de software','',173,0,'2018-09-13 03:39:22','2018-09-13 03:39:22'),(176,'Cynthia Selene  Hernández Jiménez','9687444531','cynthia_selene@outlook.es','Cynthia Selene Hernández Jiménez','Enero-Junio 2018','En proceso','Aún no trabajo','Aún no trabajo','','No laboro','No laboro','No trabajo','Trabajo','Desarrollo de software','',174,0,'2018-09-13 03:53:33','2018-09-13 03:53:33'),(177,'Juan Jose Oceguera','9611598876','oceguera.jjo@gmail.com','','Enero-Junio 2018','Si','Menos de un año','Bolsa de trabajo','','Privada','Educativo','Muy relacionado','Trabajo','Desarrollo de software','',175,0,'2018-09-13 19:57:27','2018-09-13 19:57:27'),(178,'Patsy Yuridia Nataren Zavala','9611438692','chicas_pumas16@live.com','facebook.com/patsyyuridia.natarenzavala.3','Enero-Junio 2018','No','Aún no trabajo','Aún no trabajo','','No laboro','No laboro','No trabajo','Trabajo','Base de datos','Que haya más oportunidades de trabajo para aquellas personas que apenas van egresando, a que cuando vas a pedir trabajo te piden por lo menos 2 años d experiencia laboral.',176,0,'2018-09-14 11:26:50','2018-09-14 11:26:50'),(179,'Guadalupe Rubí  López Gómez','9611130724','gpe.rubi.lopez.gomez@gmail.com','https://www.facebook.com/lupiz.lopez1','Enero-Junio 2018','En proceso','Menos de un año','Bolsa de trabajo','Solestra','Privada','Terciario','Parcialmente','Trabajo','Desarrollo de software','Ningua',177,0,'2018-09-14 12:45:09','2018-09-14 12:45:09'),(180,'david reyes hernandez','9612499123','anonim_dark18@hotmail.com','','Agosto-Diciembre 2016','En proceso','Aún no trabajo','Aún no trabajo','','No laboro','No laboro','No trabajo','Otro(s)','Redes','',178,0,'2018-09-15 01:27:44','2018-09-15 01:27:44'),(181,'Oscar Eduardo Velázquez Pinto','9612393296','oscar.eduardo94@outlook.com','Eduardo Pinto','Enero-Junio 2018','En proceso','Menos de un año','Bolsa de trabajo','','Publica','Primario','Muy relacionado','Trabajo','Desarrollo de software','',179,0,'2018-09-15 01:30:31','2018-09-15 01:30:31'),(182,'Fernando Hernandez Jimenez','9611208934','fernando_hdz05@hotmail.com','Fercho Marcus Hernandez','Enero-Junio 2018','Si','Menos de un año','Medios de comunicación','CEGA DIES','Privada','Secundario','Poco relacionado','Trabajo','Base de datos','',180,0,'2018-09-15 20:07:21','2018-09-15 20:07:21'),(183,'Daniela Karina Hernández Pérez','9611480186','dkhp94@outlook.com','Daniela Karina Hernández Pérez','Enero-Junio 2018','No','Menos de un año','Bolsa de trabajo','Impulsarte','Privada','Terciario','Muy relacionado','Trabajo','Desarrollo de software','Gracias al ITTG, que otorgó mis datos a la empresa donde actualmente laboro',181,0,'2018-09-16 08:37:24','2018-10-16 08:52:55'),(184,'KERWIN ANDREY MORENO GÓMEZ','9612731239','kerwin.andrey.mg@gmail.com','https://www.facebook.com/Kubitho-Uchiha-513131458730349/','Enero-Junio 2018','No','Aún no trabajo','Aún no trabajo','','No laboro','No laboro','No trabajo','Otro(s)','Otro(s)','',182,0,'2018-09-17 10:31:13','2018-09-17 10:31:13'),(185,'Yessica  Ruiz Cañaveral','9613191853','yessicaruiz750@gmail.com','Yessica Ruiz Cañaveral','Enero-Junio 2018','No','Aún no trabajo','Aún no trabajo','','No laboro','No laboro','No trabajo','Trabajo','Negocios','',183,0,'2018-09-17 10:43:05','2018-09-17 10:43:05'),(187,'José Mauricio Hernández Coutiño','9611271636','mcoutino08@gmail.com','','Enero-Junio 2018','Si','Menos de un año','Bolsa de trabajo','','Publica','Primario','Muy relacionado','Trabajo','Desarrollo de software','',185,0,'2018-09-19 03:34:40','2018-09-19 03:34:40'),(188,'Francisco Javier Sánchez López Sánchez López','9612723787','pacoamerica_01@hotmail.com','','Enero-Junio 2018','En proceso','Aún no trabajo','Aún no trabajo','','No laboro','No laboro','No trabajo','Trabajo','Otro(s)','',186,0,'2018-09-21 02:18:30','2018-09-21 02:18:30'),(189,'Jhovany Morales Bruno','9613201291','jhovanymb.info@gmail.com','','Enero-Junio 2018','No','Menos de un año','Aún no trabajo','','No laboro','No laboro','No trabajo','Trabajo','Desarrollo de software','',187,0,'2018-09-21 03:45:15','2018-09-21 03:45:15'),(190,'Juan Martín Hernández López','9613539918','martinrec03@gmail.com','','Enero-Junio 2018','En proceso','Aún no trabajo','Aún no trabajo','','No laboro','No laboro','No trabajo','Toma de Decisiones','Otro(s)','',188,0,'2018-09-22 10:14:10','2018-09-22 10:14:10'),(191,'jose luis  chacon banda','9611598218','jlchacon82@gmail.com','https://www.facebook.com/JoseLuisChaconB','Enero-Junio 2018','En proceso','Menos de un año','Bolsa de trabajo','','Publica','Primario','Muy relacionado','Trabajo','Desarrollo de software','',189,0,'2018-09-22 23:46:28','2018-09-22 23:46:28'),(192,'RODULFO JOSSELIN  CULEBRO LOPEZ ','019613725637','rodulfuculebro08@gmail.com','','Agosto-Diciembre 2017','Si','Menos de un año','Bolsa de trabajo','xajo construcciones','Privada','Primario','Muy relacionado','Trabajo','Otro(s)','',190,0,'2018-09-25 11:11:13','2018-09-25 11:11:13'),(193,'Victor Omar Gomez Roman','9611737648','vicgroman94@gmail.com','facebook.com/vicgroman','Enero-Junio 2018','No','Menos de un año','Bolsa de trabajo','Multi servicios computacionales','Privada','Terciario','Muy relacionado','Trabajo','Redes','',191,0,'2018-09-26 22:57:18','2018-09-26 22:57:18'),(194,'Luis Gerardo dominguez  nucamendi','9613035261','r3uz12@hotmail.com','Luis gerardo dominguez nucamendi','Enero-Junio 2018','No','Aún no trabajo','Aún no trabajo','','No laboro','No laboro','Muy relacionado','Otro(s)','Desarrollo de software','',192,0,'2018-09-28 09:21:44','2018-09-28 09:21:44'),(195,'Carlos  Osvaldo  Mijangos Farrera ','9616407878','carlosmijangos2302@gmail.com','Carlos Mijangos','Enero-Junio 2018','No','Menos de un año','Medios de comunicación','','Privada','Educativo','Parcialmente','Trabajo','Otro(s)','',194,0,'2018-10-04 07:49:46','2018-10-04 07:49:46'),(196,'Edgar Ubaldo Morales Cortes','9613051025','edgarmc100@gmail.com','Edgar Morales','Enero-Junio 2018','En proceso','Menos de un año','Bolsa de trabajo','MSR Fun and Toys S.A de C.V','Privada','Secundario','Muy relacionado','Trabajo','Desarrollo de software','',196,0,'2018-10-04 07:59:06','2018-10-04 07:59:06'),(197,'Santiago Alexis Hualvs Mendoza','9613681921','sahm_07@hotmail.com','Sahm Hualvs','Enero-Junio 2018','No',' 1 a 3 años','Medios de comunicación','Banco Azteca','Privada','Primario','Parcialmente','Trabajo','Otro(s)','',197,0,'2018-10-04 08:04:56','2018-10-04 08:04:56'),(199,'Luis Javier  Vazquez Estrada','9611618145','ingesistemas.javier@gmail.com','Javier VaEs','Enero-Junio 2018','No','Menos de un año','Medios de comunicación','TelMEx','Privada','Terciario','Parcialmente','Trabajo','Redes','',198,0,'2018-10-04 08:09:00','2018-10-04 08:09:00'),(200,'Jose Cristian Perez Morales','9181026739','perezcristian55@gmail.com','Cristian Perez','Enero-Junio 2018','No','Menos de un año','Medios de comunicación','Sinergio Sistema','Privada','Terciario','Poco relacionado','Toma de Decisiones','Arquitectura de computadoras','',199,0,'2018-10-04 08:13:37','2018-10-04 08:13:37'),(201,'Victor Manuel Solis Gordillo','9611573310','victormanuel1116@gmail.com','Victor Manuel Solis G','Enero-Junio 2018','En proceso','Menos de un año','Bolsa de trabajo','','Publica','Primario','Muy relacionado','Toma de Decisiones','Arquitectura de computadoras','',200,0,'2018-10-04 08:17:18','2018-10-04 08:17:18'),(202,'Vidal Ulises Jimenez Tamayo','9612178795','ulises.jtamayo@gmail.com','Ulises Tamayo','Enero-Junio 2018','No','Menos de un año','Medios de comunicación','Soluciones de TI SA. de C.V','Privada','Secundario','Poco relacionado','Toma de Decisiones','Redes','algunas materias de la carrera estan absoletas',201,0,'2018-10-04 08:25:45','2018-10-04 08:25:45'),(203,'Armando Villareal Avalos','9371294421','villavalos40@outlook.com','','Enero-Junio 2018','No','Aún no trabajo','Aún no trabajo','','No laboro','No laboro','No trabajo','Trabajo','Otro(s)','',202,0,'2018-10-04 08:29:58','2018-10-04 08:29:58'),(204,'Flor Emilia Ocampo Alcazar ','9613342804','asple24@hotmail.com','','Enero-Junio 2018','No','Aún no trabajo','Aún no trabajo','','No laboro','No laboro','No trabajo','Trabajo','Otro(s)','',203,0,'2018-10-04 08:34:25','2018-10-04 08:34:25'),(205,'Dulce Ariadna  Avila Antonio','9611297114','dulced94@gmail.com','','Enero-Junio 2018','No','Aún no trabajo','Aún no trabajo','','No laboro','No laboro','No trabajo','Trabajo','Otro(s)','',204,0,'2018-10-04 08:38:51','2018-10-04 08:38:51'),(206,'Jorge Hiram Llaven Velazquez','9612150193','j.hiram872@gmail.com','','Enero-Junio 2018','En proceso','Aún no trabajo','Aún no trabajo','','No laboro','No laboro','No trabajo','Otro(s)','Otro(s)','',205,0,'2018-10-04 08:42:50','2018-10-04 08:42:50'),(207,'Babel Karla Santana Herrera ','9616380452','lis_hita_19@hotmail.com','','Enero-Junio 2018','No','Aún no trabajo','Aún no trabajo','','No laboro','No laboro','No trabajo','Trabajo','Otro(s)','',206,0,'2018-10-04 08:47:08','2018-10-04 08:47:08'),(208,'Elver  Hernandez Lopez','9661055767','elverhlzz@gmail.com','','Enero-Junio 2018','En proceso','Menos de un año','Bolsa de trabajo','','Publica','Terciario','Poco relacionado','Trabajo','Desarrollo de software','',207,0,'2018-10-04 09:01:30','2018-10-04 09:01:30'),(209,'Jose Jaime  Molina Navarzi','9613741883','jimyjjm@hotmail.com','','Enero-Junio 2018','En proceso','Aún no trabajo','Aún no trabajo','','No laboro','No laboro','No trabajo','Trabajo','Desarrollo de software','',208,0,'2018-10-04 09:06:56','2018-10-04 09:06:56'),(210,'David Reyes Hernandez','9612499123','dreyes94418@gmail.com','','Enero-Junio 2018','No','Menos de un año','Medios de comunicación','High Bits','Propia','Secundario','Muy relacionado','Investigación','Otro(s)','',209,0,'2018-10-04 09:10:22','2018-10-04 09:10:22'),(211,'Luis Javier Valencia Ramirez ','9611145857','javier_lujavar@hotmail.com','','Enero-Junio 2018','No','Menos de un año','Medios de comunicación','Lineas hidraulicas','Privada','Terciario','Poco relacionado','Trabajo','Desarrollo de software','',210,0,'2018-10-04 09:19:10','2018-10-04 09:19:10'),(212,'Dilan Alexis Martinez Lopez','9612394043','dylan_crash@l.ve.com.mx','','Enero-Junio 2018','En proceso','Menos de un año','Medios de comunicación','soriana','Privada','Terciario','Muy relacionado','Operacionales','Negocios','',211,0,'2018-10-04 09:43:16','2018-10-04 09:43:16'),(213,'Neyser Daniel Gomez Vazquez','0000000000','dneysergomez@gmail.com','DineyserGomez','Enero-Junio 2018','No','Aún no trabajo','Aún no trabajo','','No laboro','No laboro','No trabajo','Trabajo','Desarrollo de software','',212,0,'2018-10-04 10:08:20','2018-10-04 10:08:20'),(214,'Francisco Javier Lopez Suarez','9611473124','FranciscoJavierLopezSuarez@outlook.com','','Enero-Junio 2018','Si','Menos de un año','Bolsa de trabajo','','Publica','Primario','No trabajo','Trabajo','Desarrollo de software','',213,0,'2018-10-04 10:15:19','2018-10-04 10:15:32'),(215,'TEST TEST','TEST','test@test.com','test','Agosto-Diciembre 2018','Si','Menos de un año','Bolsa de trabajo','test','Publica','Primario','Muy relacionado','Trabajo','Desarrollo de software','test',214,0,'2019-02-13 06:03:52','2019-02-13 06:03:52');
/*!40000 ALTER TABLE `polls` ENABLE KEYS */;
UNLOCK TABLES;

--
-- Table structure for table `polls2s`
--

DROP TABLE IF EXISTS `polls2s`;
/*!40101 SET @saved_cs_client     = @@character_set_client */;
/*!40101 SET character_set_client = utf8 */;
CREATE TABLE `polls2s` (
  `id_poll` int(11) NOT NULL AUTO_INCREMENT,
  `question1` varchar(300) NOT NULL,
  `question2` varchar(300) NOT NULL,
  `question3` varchar(300) NOT NULL,
  `question4` varchar(300) NOT NULL,
  `question5` varchar(300) NOT NULL,
  `question6` varchar(300) NOT NULL,
  `question7` varchar(300) NOT NULL,
  `question8` varchar(300) NOT NULL,
  `question9` varchar(300) NOT NULL,
  `Comentarios` varchar(300) NOT NULL,
  `year` int(11) NOT NULL,
  `id_empresa` int(11) NOT NULL,
  `created_at` timestamp NOT NULL DEFAULT CURRENT_TIMESTAMP ON UPDATE CURRENT_TIMESTAMP,
  `updated_at` timestamp NOT NULL DEFAULT '0000-00-00 00:00:00',
  PRIMARY KEY (`id_poll`)
) ENGINE=MyISAM AUTO_INCREMENT=7 DEFAULT CHARSET=latin1;
/*!40101 SET character_set_client = @saved_cs_client */;

--
-- Dumping data for table `polls2s`
--

LOCK TABLES `polls2s` WRITE;
/*!40000 ALTER TABLE `polls2s` DISABLE KEYS */;
INSERT INTO `polls2s` VALUES (6,'Pública','Microempresa','Agro-industrial','1','Completamente','Área o campo de estudio','Ingeniería Mecánica','Habilidad para resolver conflictos , Trabajo en equipo','Excelente','Sin Comentarios',2018,315,'2018-11-09 23:15:54','2018-11-09 23:15:54'),(4,'Pública','Mediana','Comercio y Turismo','Mas de 10','Medianamente','Área o campo de estudio , Experiencia laboral / Práctica (antes de egresar) , Conocimiento de idiomas extranjeros , Personalidad/Actitudes , Capacidad de liderazgo','Ingeniería en sistemas Computacionales , Ingeniería en Gestión empresarial','Habilidad para resolver conflictos , Trabajo en equipo , Gestión de proyectos , Puntualidad y asistencia , Cumplimiento de las normas , Creatividad e innovación , Capacidad de negociación , Capacidad de abstracción, análisis y síntesis , Liderazgo y toma de decisiones , Ortografía y redacción de doc','Excelente','Sin Comentarios',2017,105,'2018-01-14 23:49:34','2017-12-02 05:19:32');
/*!40000 ALTER TABLE `polls2s` ENABLE KEYS */;
UNLOCK TABLES;

--
-- Table structure for table `pollscompany`
--

DROP TABLE IF EXISTS `pollscompany`;
/*!40101 SET @saved_cs_client     = @@character_set_client */;
/*!40101 SET character_set_client = utf8 */;
CREATE TABLE `pollscompany` (
  `id` int(10) unsigned NOT NULL AUTO_INCREMENT,
  `question_1` varchar(255) COLLATE utf8_unicode_ci NOT NULL,
  `question_2` varchar(255) COLLATE utf8_unicode_ci NOT NULL,
  `question_3` varchar(255) COLLATE utf8_unicode_ci NOT NULL,
  `question_4` varchar(255) COLLATE utf8_unicode_ci NOT NULL,
  `question_5` varchar(255) COLLATE utf8_unicode_ci NOT NULL,
  `question_6` varchar(255) COLLATE utf8_unicode_ci NOT NULL,
  `question_7` varchar(255) COLLATE utf8_unicode_ci NOT NULL,
  `question_8` varchar(255) COLLATE utf8_unicode_ci NOT NULL,
  `question_9` varchar(255) COLLATE utf8_unicode_ci NOT NULL,
  `question_10` varchar(255) COLLATE utf8_unicode_ci NOT NULL,
  `question_11` varchar(255) COLLATE utf8_unicode_ci NOT NULL,
  `question_12` varchar(255) COLLATE utf8_unicode_ci NOT NULL,
  `question_13` varchar(255) COLLATE utf8_unicode_ci NOT NULL,
  `question_14` varchar(255) COLLATE utf8_unicode_ci NOT NULL,
  `comment` text COLLATE utf8_unicode_ci NOT NULL,
  `company_id` int(11) NOT NULL,
  `created_at` timestamp NULL DEFAULT NULL,
  `updated_at` timestamp NULL DEFAULT NULL,
  PRIMARY KEY (`id`)
) ENGINE=InnoDB AUTO_INCREMENT=21 DEFAULT CHARSET=utf8 COLLATE=utf8_unicode_ci;
/*!40101 SET character_set_client = @saved_cs_client */;

--
-- Dumping data for table `pollscompany`
--

LOCK TABLES `pollscompany` WRITE;
/*!40000 ALTER TABLE `pollscompany` DISABLE KEYS */;
INSERT INTO `pollscompany` VALUES (1,'Softec ','9616079715','Centro','Administración','Excelente formación','Excelente','Muy importante','Muy importante','Muy importante','Que tienen previsto continuar contratando profesionistas del Tecnológico','Muy importante','','','','',1,'2017-08-28 04:34:00','2017-08-28 04:34:00'),(2,'softec4 ','9616029427','softec4@gmail.com','Administración','Excelente formación','Excelente','Muy importante','Muy importante','Muy importante','Que tienen previsto continuar contratando profesionistas del Tecnológico','Muy importante','','','','',2,'2017-08-28 04:46:07','2017-08-28 04:46:20'),(3,'CANACINTRA ','0000000000000','Centro','Administración','Excelente formación','Excelente','Muy importante','Muy importante','Muy importante','Que tienen previsto continuar contratando profesionistas del Tecnológico','Muy importante','jnjnjnj','okokokok','','',3,'2017-08-30 23:46:44','2017-08-30 23:46:44'),(4,'CANACO ','9616139712','centro','Administración','Excelente formación','Excelente','Muy importante','Muy importante','Muy importante','Que tienen previsto continuar contratando profesionistas del Tecnológico','Muy importante','','','','',4,'2017-08-30 23:50:21','2017-08-30 23:50:21'),(5,'Bit Zero S.A. ','9612255126','rparedes@bitzero.mx','Administración','Excelente formación','Excelente','Muy importante','Poco importante','Muy importante','Que tienen previsto continuar contratando profesionistas del Tecnológico','Muy importante','','','','',5,'2017-08-30 23:53:41','2017-09-01 10:07:17'),(6,'Cerveceria Mactezuma Fanquicia Chiapas ','9611121427','Centro','Administración','Excelente formación','Excelente','Muy importante','Muy importante','Muy importante','Que tienen previsto continuar contratando profesionistas del Tecnológico','Muy importante','','','','',6,'2017-08-30 23:58:32','2017-08-30 23:58:32'),(7,'Soluciones en tecnologia ','9611792039','Teran','Administración','Excelente formación','Excelente','Muy importante','Muy importante','Muy importante','Que tienen previsto continuar contratando profesionistas del Tecnológico','Muy importante','','','','',7,'2017-08-31 00:21:08','2017-08-31 00:21:08'),(8,'UNACH Coordinador académico Ing. en sistemas computacionales  ','9616549875','Bulevar Belisario Dominguez','Administración','Excelente formación','Excelente','Muy importante','Muy importante','Muy importante','Que tienen previsto continuar contratando profesionistas del Tecnológico','Muy importante','','','','',8,'2017-08-31 00:25:24','2017-08-31 00:25:24'),(9,'Hibridas ','9611425704','Colonia Cen, Calle Central Local # 196','Administración','Excelente formación','Excelente','Muy importante','Muy importante','Muy importante','Que tienen previsto continuar contratando profesionistas del Tecnológico','Muy importante','','','','',9,'2017-08-31 00:40:40','2017-08-31 00:40:40'),(10,'Comencializadora Part ','9612155181','Centro','Administración','Excelente formación','Excelente','Muy importante','Muy importante','Muy importante','Que tienen previsto continuar contratando profesionistas del Tecnológico','Muy importante','','','','',10,'2017-08-31 00:48:35','2017-08-31 00:48:35'),(11,'SECRETARIA DE SALUD DEL EDO. DE CHIAPAS ','9612332915','ceNTRO','Administración','Excelente formación','Excelente','Muy importante','Muy importante','Muy importante','Que tienen previsto continuar contratando profesionistas del Tecnológico','Muy importante','','','','',11,'2017-08-31 00:53:08','2017-08-31 00:53:08'),(12,'Universidad Pablo Guardado Chavez ','6141112 111','Colonia Belen, 16 pnte. Sur #1722 entre 15 y 16 Sur Pnte.','Administración','Excelente formación','Excelente','Muy importante','Muy importante','Muy importante','Que tienen previsto continuar contratando profesionistas del Tecnológico','Muy importante','','','','',12,'2017-08-31 00:57:09','2017-08-31 00:57:09'),(13,'Desarrollo social y Educativo Municipal Tuxtla Gutiérrez ','9616125511 3202','Centro','Administración','Excelente formación','Excelente','Muy importante','Muy importante','Muy importante','Que tienen previsto continuar contratando profesionistas del Tecnológico','Muy importante','','','','',13,'2017-08-31 01:00:56','2017-08-31 01:00:56'),(14,'Secretaria de Protección Civil del Estado de Chiapas ','9616938574','mflores@gmail.com','Administración','Regular formación','Excelente','Muy importante','Muy importante','Muy importante','Que tienen previsto continuar contratando profesionistas del Tecnológico','Muy importante','','','','',14,'2017-08-31 01:03:41','2017-09-05 04:16:08'),(15,'Secretaria de Turismo ','9611444326','Centro','Administración','Excelente formación','Excelente','Muy importante','Muy importante','Muy importante','Que tienen previsto continuar contratando profesionistas del Tecnológico','Muy importante','','','','',15,'2017-08-31 01:05:51','2017-08-31 01:05:51'),(16,'prueba ','p','p','Administración','Excelente formación','Excelente','Muy importante','Muy importante','Muy importante','Que tienen previsto continuar contratando profesionistas del Tecnológico','Muy importante','','','','',45,'2017-11-06 07:50:49','2017-11-06 07:50:49'),(17,'prueba ','p','p@gmail.com','Contaduría','Excelente formación','Excelente','Muy importante','Muy importante','Muy importante','Que tienen previsto continuar contratando profesionistas del Tecnológico','Muy importante','','','','',45,'2017-11-06 07:51:52','2018-01-15 15:04:03'),(18,'Instituto de Salud  ','9616189250','UNIDAD ADMINISTRATIVA, EDIFICIO \"C\" No. S/N','Otras','Excelente formación','Excelente','Muy importante','Muy importante','Muy importante','Que tienen previsto continuar contratando profesionistas del Tecnológico','Muy importante','','mas de 100','','',46,'2017-12-23 02:43:34','2017-12-23 02:43:34'),(19,'prueba ','0000000000','conocido','Administración','Excelente formación','Excelente','Muy importante','Muy importante','Muy importante','Que tienen previsto continuar contratando profesionistas del Tecnológico','Muy importante','','','','',47,'2018-03-06 14:47:49','2018-03-06 14:47:49'),(20,'Sergio ','654654654','654654654','Administración','Excelente formación','Excelente','Muy importante','Muy importante','Muy importante','Que tienen previsto continuar contratando profesionistas del Tecnológico','Muy importante','','','','',48,'2018-11-09 23:08:35','2018-11-09 23:08:35');
/*!40000 ALTER TABLE `pollscompany` ENABLE KEYS */;
UNLOCK TABLES;

--
-- Table structure for table `resident_admins`
--

DROP TABLE IF EXISTS `resident_admins`;
/*!40101 SET @saved_cs_client     = @@character_set_client */;
/*!40101 SET character_set_client = utf8 */;
CREATE TABLE `resident_admins` (
  `id` int(10) unsigned NOT NULL AUTO_INCREMENT,
  `name_project` varchar(255) COLLATE utf8_unicode_ci NOT NULL,
  `area` varchar(255) COLLATE utf8_unicode_ci NOT NULL,
  `objetive` varchar(255) COLLATE utf8_unicode_ci NOT NULL,
  `students` varchar(255) COLLATE utf8_unicode_ci NOT NULL,
  `applicant` varchar(255) COLLATE utf8_unicode_ci NOT NULL,
  `address` varchar(255) COLLATE utf8_unicode_ci NOT NULL,
  `contact` varchar(255) COLLATE utf8_unicode_ci NOT NULL,
  `phone` varchar(255) COLLATE utf8_unicode_ci NOT NULL,
  `cel` varchar(255) COLLATE utf8_unicode_ci NOT NULL,
  `email` varchar(255) COLLATE utf8_unicode_ci NOT NULL,
  `period` varchar(255) COLLATE utf8_unicode_ci NOT NULL,
  `status` varchar(255) COLLATE utf8_unicode_ci NOT NULL,
  `user_id` int(10) unsigned NOT NULL,
  `created_at` timestamp NULL DEFAULT NULL,
  `updated_at` timestamp NULL DEFAULT NULL,
  PRIMARY KEY (`id`)
) ENGINE=InnoDB DEFAULT CHARSET=utf8 COLLATE=utf8_unicode_ci;
/*!40101 SET character_set_client = @saved_cs_client */;

--
-- Dumping data for table `resident_admins`
--

LOCK TABLES `resident_admins` WRITE;
/*!40000 ALTER TABLE `resident_admins` DISABLE KEYS */;
/*!40000 ALTER TABLE `resident_admins` ENABLE KEYS */;
UNLOCK TABLES;

--
-- Table structure for table `residents`
--

DROP TABLE IF EXISTS `residents`;
/*!40101 SET @saved_cs_client     = @@character_set_client */;
/*!40101 SET character_set_client = utf8 */;
CREATE TABLE `residents` (
  `id` int(10) unsigned NOT NULL AUTO_INCREMENT,
  `name_project` varchar(255) COLLATE utf8_unicode_ci NOT NULL,
  `area` varchar(255) COLLATE utf8_unicode_ci NOT NULL,
  `objective` varchar(255) COLLATE utf8_unicode_ci NOT NULL,
  `students` varchar(255) COLLATE utf8_unicode_ci NOT NULL,
  `applicant` varchar(255) COLLATE utf8_unicode_ci NOT NULL,
  `address` varchar(255) COLLATE utf8_unicode_ci NOT NULL,
  `contact` varchar(255) COLLATE utf8_unicode_ci NOT NULL,
  `phone` varchar(255) COLLATE utf8_unicode_ci NOT NULL,
  `cel` varchar(255) COLLATE utf8_unicode_ci NOT NULL,
  `email` varchar(255) COLLATE utf8_unicode_ci NOT NULL,
  `period` varchar(255) COLLATE utf8_unicode_ci NOT NULL,
  `status` varchar(255) COLLATE utf8_unicode_ci NOT NULL,
  `company_id` int(10) unsigned NOT NULL,
  `created_at` timestamp NULL DEFAULT NULL,
  `updated_at` timestamp NULL DEFAULT NULL,
  PRIMARY KEY (`id`)
) ENGINE=InnoDB DEFAULT CHARSET=utf8 COLLATE=utf8_unicode_ci;
/*!40101 SET character_set_client = @saved_cs_client */;

--
-- Dumping data for table `residents`
--

LOCK TABLES `residents` WRITE;
/*!40000 ALTER TABLE `residents` DISABLE KEYS */;
/*!40000 ALTER TABLE `residents` ENABLE KEYS */;
UNLOCK TABLES;

--
-- Table structure for table `role_user`
--

DROP TABLE IF EXISTS `role_user`;
/*!40101 SET @saved_cs_client     = @@character_set_client */;
/*!40101 SET character_set_client = utf8 */;
CREATE TABLE `role_user` (
  `user_id` int(10) unsigned NOT NULL,
  `role_id` int(10) unsigned NOT NULL,
  PRIMARY KEY (`user_id`,`role_id`),
  KEY `role_user_role_id_foreign` (`role_id`),
  CONSTRAINT `role_user_role_id_foreign` FOREIGN KEY (`role_id`) REFERENCES `roles` (`id`) ON DELETE CASCADE ON UPDATE CASCADE,
  CONSTRAINT `role_user_user_id_foreign` FOREIGN KEY (`user_id`) REFERENCES `users` (`id`) ON DELETE CASCADE ON UPDATE CASCADE
) ENGINE=InnoDB DEFAULT CHARSET=utf8 COLLATE=utf8_unicode_ci;
/*!40101 SET character_set_client = @saved_cs_client */;

--
-- Dumping data for table `role_user`
--

LOCK TABLES `role_user` WRITE;
/*!40000 ALTER TABLE `role_user` DISABLE KEYS */;
INSERT INTO `role_user` VALUES (1,1),(3,2),(4,2),(5,2),(6,2),(7,2),(8,2),(9,2),(10,2),(11,2),(12,2),(13,2),(14,2),(15,2),(16,2),(17,2),(18,2),(19,2),(20,2),(21,2),(22,2),(23,2),(24,2),(25,2),(26,2),(27,2),(28,2),(29,2),(30,2),(31,2),(32,2),(33,2),(34,2),(35,2),(36,2),(37,2),(38,2),(39,2),(40,2),(41,2),(42,2),(43,2),(44,2),(45,2),(46,2),(47,2),(48,2),(49,2),(50,2),(55,2),(56,2),(57,2),(58,2),(59,2),(60,2),(61,2),(64,2),(67,2),(72,2),(74,2),(76,2),(77,2),(78,2),(79,2),(80,2),(92,2),(107,2),(108,2),(111,2),(118,2),(119,2),(120,2),(121,2),(122,2),(123,2),(124,2),(146,2),(147,2),(149,2),(154,2),(157,2),(160,2),(165,2),(181,2),(182,2),(184,2),(185,2),(186,2),(187,2),(188,2),(189,2),(190,2),(191,2),(192,2),(193,2),(194,2),(195,2),(196,2),(197,2),(198,2),(199,2),(200,2),(202,2),(203,2),(206,2),(208,2),(209,2),(210,2),(211,2),(212,2),(213,2),(214,2),(215,2),(216,2),(217,2),(218,2),(219,2),(221,2),(222,2),(223,2),(224,2),(225,2),(226,2),(227,2),(228,2),(229,2),(230,2),(231,2),(232,2),(233,2),(234,2),(235,2),(236,2),(237,2),(238,2),(239,2),(240,2),(241,2),(242,2),(243,2),(244,2),(245,2),(246,2),(247,2),(248,2),(249,2),(250,2),(251,2),(252,2),(253,2),(254,2),(255,2),(256,2),(258,2),(259,2),(260,2),(261,2),(262,2),(263,2),(264,2),(265,2),(266,2),(267,2),(268,2),(269,2),(272,2),(273,2),(274,2),(275,2),(276,2),(277,2),(278,2),(279,2),(280,2),(281,2),(282,2),(283,2),(284,2),(286,2),(287,2),(288,2),(289,2),(290,2),(291,2),(292,2),(293,2),(295,2),(297,2),(298,2),(299,2),(300,2),(301,2),(302,2),(303,2),(304,2),(305,2),(306,2),(307,2),(308,2),(309,2),(310,2),(311,2),(312,2),(313,2),(314,2),(316,2),(93,3),(94,3),(95,3),(96,3),(97,3),(98,3),(99,3),(100,3),(101,3),(102,3),(103,3),(104,3),(105,3),(150,3),(151,3),(152,3),(153,3),(155,3),(156,3),(158,3),(159,3),(161,3),(162,3),(163,3),(164,3),(166,3),(167,3),(168,3),(169,3),(170,3),(171,3),(172,3),(173,3),(174,3),(175,3),(176,3),(177,3),(178,3),(179,3),(180,3),(204,3),(205,3),(220,3),(315,3),(73,4),(125,4),(126,4),(127,4),(128,4),(129,4),(130,4),(131,4),(132,4),(133,4),(134,4),(135,4),(136,4),(137,4),(138,4),(139,4),(140,4),(141,4),(142,4),(143,4),(144,4),(145,4),(183,4);
/*!40000 ALTER TABLE `role_user` ENABLE KEYS */;
UNLOCK TABLES;

--
-- Table structure for table `roles`
--

DROP TABLE IF EXISTS `roles`;
/*!40101 SET @saved_cs_client     = @@character_set_client */;
/*!40101 SET character_set_client = utf8 */;
CREATE TABLE `roles` (
  `id` int(10) unsigned NOT NULL AUTO_INCREMENT,
  `name` varchar(255) COLLATE utf8_unicode_ci NOT NULL,
  `display_name` varchar(255) COLLATE utf8_unicode_ci DEFAULT NULL,
  `description` varchar(255) COLLATE utf8_unicode_ci DEFAULT NULL,
  `created_at` timestamp NULL DEFAULT NULL,
  `updated_at` timestamp NULL DEFAULT NULL,
  PRIMARY KEY (`id`),
  UNIQUE KEY `roles_name_unique` (`name`)
) ENGINE=InnoDB AUTO_INCREMENT=5 DEFAULT CHARSET=utf8 COLLATE=utf8_unicode_ci;
/*!40101 SET character_set_client = @saved_cs_client */;

--
-- Dumping data for table `roles`
--

LOCK TABLES `roles` WRITE;
/*!40000 ALTER TABLE `roles` DISABLE KEYS */;
INSERT INTO `roles` VALUES (1,'coordinador','Usuario Coordinador','Coordinador del sistema con todos los privilegios','2017-08-18 03:18:22','2017-08-18 03:18:22'),(2,'graduate','Usuario Egresado','Egresado el cual hara uso de los servicios de VINCULACIÓN','2017-08-18 03:18:22','2017-08-18 03:18:22'),(3,'company','Usuario Empresa','Empresa la cual podra publicar sus vacantes en VINCULACIÓN','2017-08-18 03:18:22','2017-08-18 03:18:22'),(4,'teacher','Usuario Docente','Docente el cual podra publicar sus proyectos en VINCULACIÓN','2017-08-18 03:18:22','2017-08-18 03:18:22');
/*!40000 ALTER TABLE `roles` ENABLE KEYS */;
UNLOCK TABLES;

--
-- Table structure for table `service_admins`
--

DROP TABLE IF EXISTS `service_admins`;
/*!40101 SET @saved_cs_client     = @@character_set_client */;
/*!40101 SET character_set_client = utf8 */;
CREATE TABLE `service_admins` (
  `id` int(10) unsigned NOT NULL AUTO_INCREMENT,
  `task` varchar(255) COLLATE utf8_unicode_ci NOT NULL,
  `area` varchar(255) COLLATE utf8_unicode_ci NOT NULL,
  `contact` varchar(255) COLLATE utf8_unicode_ci NOT NULL,
  `period` varchar(255) COLLATE utf8_unicode_ci NOT NULL,
  `user_id` int(10) unsigned NOT NULL,
  `created_at` timestamp NULL DEFAULT NULL,
  `updated_at` timestamp NULL DEFAULT NULL,
  PRIMARY KEY (`id`)
) ENGINE=InnoDB DEFAULT CHARSET=utf8 COLLATE=utf8_unicode_ci;
/*!40101 SET character_set_client = @saved_cs_client */;

--
-- Dumping data for table `service_admins`
--

LOCK TABLES `service_admins` WRITE;
/*!40000 ALTER TABLE `service_admins` DISABLE KEYS */;
/*!40000 ALTER TABLE `service_admins` ENABLE KEYS */;
UNLOCK TABLES;

--
-- Table structure for table `services`
--

DROP TABLE IF EXISTS `services`;
/*!40101 SET @saved_cs_client     = @@character_set_client */;
/*!40101 SET character_set_client = utf8 */;
CREATE TABLE `services` (
  `id` int(10) unsigned NOT NULL AUTO_INCREMENT,
  `task` varchar(255) COLLATE utf8_unicode_ci NOT NULL,
  `area` varchar(255) COLLATE utf8_unicode_ci NOT NULL,
  `contact` varchar(255) COLLATE utf8_unicode_ci NOT NULL,
  `period` varchar(255) COLLATE utf8_unicode_ci NOT NULL,
  `company_id` int(10) unsigned NOT NULL,
  `created_at` timestamp NULL DEFAULT NULL,
  `updated_at` timestamp NULL DEFAULT NULL,
  PRIMARY KEY (`id`)
) ENGINE=InnoDB AUTO_INCREMENT=4 DEFAULT CHARSET=utf8 COLLATE=utf8_unicode_ci;
/*!40101 SET character_set_client = @saved_cs_client */;

--
-- Dumping data for table `services`
--

LOCK TABLES `services` WRITE;
/*!40000 ALTER TABLE `services` DISABLE KEYS */;
INSERT INTO `services` VALUES (1,'Desarrrollo de Ssistemas, Area de Redes, Area de Soporte Tecnico, Desarrollo de proyectos informaticos','Area de Informatica ','nugasoft@gmail.com','Enero-Junio 2017',46,'2017-12-23 02:48:08','2017-12-23 02:48:08'),(2,'Desarrrollo de Ssistemas, Area de Redes, Area de Soporte Tecnico, Desarrollo de proyectos informaticos','Area de Informatica ','nugasoft@gmail.com','Enero-Junio 2017',46,'2017-12-23 02:50:19','2017-12-23 02:50:19'),(3,'Desarrrollo de Sistemas','Area de Informatica ','nugasoft@gmail.com','Enero-Junio 2017',46,'2017-12-23 02:50:48','2017-12-23 02:50:48');
/*!40000 ALTER TABLE `services` ENABLE KEYS */;
UNLOCK TABLES;

--
-- Table structure for table `shippings`
--

DROP TABLE IF EXISTS `shippings`;
/*!40101 SET @saved_cs_client     = @@character_set_client */;
/*!40101 SET character_set_client = utf8 */;
CREATE TABLE `shippings` (
  `id` int(10) unsigned NOT NULL AUTO_INCREMENT,
  `title` varchar(255) COLLATE utf8_unicode_ci NOT NULL,
  `body` text COLLATE utf8_unicode_ci NOT NULL,
  `file` varchar(255) COLLATE utf8_unicode_ci NOT NULL,
  `created_at` timestamp NULL DEFAULT NULL,
  `updated_at` timestamp NULL DEFAULT NULL,
  `tipocorreo` int(11) NOT NULL,
  PRIMARY KEY (`id`)
) ENGINE=InnoDB AUTO_INCREMENT=14 DEFAULT CHARSET=utf8 COLLATE=utf8_unicode_ci;
/*!40101 SET character_set_client = @saved_cs_client */;

--
-- Dumping data for table `shippings`
--

LOCK TABLES `shippings` WRITE;
/*!40000 ALTER TABLE `shippings` DISABLE KEYS */;
INSERT INTO `shippings` VALUES (4,'Invitación ','Egresado del Instituto Tecnológico es un gusto saludarle envío la siguiente notificación para su consideración.\r\nMtra. Aida Guillermina Cossío Martínez','Invitacion.pdf','2017-09-01 01:39:02','2017-09-01 01:39:02',1),(5,'Evento:  Semana Nacional de Emprendedores ','Saludos. \r\nMtra. Aida Guillermina Cossío Martínez\r\n','InvitacionEmprendedores.pdf','2017-09-01 02:30:55','2017-09-01 02:30:55',1),(10,'Invitación','Docente del Instituto Tecnológico es un gusto saludarle envío la siguiente notificación para su consideración. Mtra. Aida Guillermina Cossío Martínez','INDICACIONES PARA DOCENTE.PDF','2017-09-06 03:18:24','2017-09-06 03:18:24',2),(11,'Invitación a Empresas',' Un gusto saludarle envío la siguiente notificación para su consideración. Mtra. Aida Guillermina Cossío Martínez del Instituto Tecnológico  de Tuxtl Gtz.','INDICACIONES PARA EMPRESA.PDF','2017-09-06 03:21:03','2017-09-06 03:21:03',3),(12,'Invitación a Empleadores','Un gusto saludarle envío la siguiente notificación para su consideración. Mtra. Aida Guillermina Cossío Martínez del Instituto Tecnológico de Tuxtl Gtz.','Encuesta_Empleadores.pdf','2017-12-11 19:45:05','2017-12-11 19:45:05',3),(13,'Invitación','Un gusto saludarle envío la siguiente notificación para su consideración. Mtra. Aida Guillermina Cossío Martínez del Instituto Tecnológico de Tuxtla Gtz.','','2017-12-22 08:00:58','2017-12-22 08:00:58',3);
/*!40000 ALTER TABLE `shippings` ENABLE KEYS */;
UNLOCK TABLES;

--
-- Table structure for table `survey_as`
--

DROP TABLE IF EXISTS `survey_as`;
/*!40101 SET @saved_cs_client     = @@character_set_client */;
/*!40101 SET character_set_client = utf8 */;
CREATE TABLE `survey_as` (
  `id` int(10) unsigned NOT NULL AUTO_INCREMENT,
  `survey_q_id` int(10) unsigned NOT NULL,
  `o_value` varchar(255) COLLATE utf8_unicode_ci NOT NULL,
  `survey_id` int(10) unsigned NOT NULL,
  `graduate_id` int(10) unsigned NOT NULL,
  `created_at` timestamp NULL DEFAULT NULL,
  `updated_at` timestamp NULL DEFAULT NULL,
  PRIMARY KEY (`id`)
) ENGINE=InnoDB DEFAULT CHARSET=utf8 COLLATE=utf8_unicode_ci;
/*!40101 SET character_set_client = @saved_cs_client */;

--
-- Dumping data for table `survey_as`
--

LOCK TABLES `survey_as` WRITE;
/*!40000 ALTER TABLE `survey_as` DISABLE KEYS */;
/*!40000 ALTER TABLE `survey_as` ENABLE KEYS */;
UNLOCK TABLES;

--
-- Table structure for table `survey_os`
--

DROP TABLE IF EXISTS `survey_os`;
/*!40101 SET @saved_cs_client     = @@character_set_client */;
/*!40101 SET character_set_client = utf8 */;
CREATE TABLE `survey_os` (
  `id` int(10) unsigned NOT NULL AUTO_INCREMENT,
  `o_text` text COLLATE utf8_unicode_ci NOT NULL,
  `o_value` text COLLATE utf8_unicode_ci NOT NULL,
  `survey_q_id` int(10) unsigned NOT NULL,
  `o_status` varchar(255) COLLATE utf8_unicode_ci NOT NULL,
  `survey_id` int(10) unsigned NOT NULL,
  `created_at` timestamp NULL DEFAULT NULL,
  `updated_at` timestamp NULL DEFAULT NULL,
  PRIMARY KEY (`id`)
) ENGINE=InnoDB AUTO_INCREMENT=81 DEFAULT CHARSET=utf8 COLLATE=utf8_unicode_ci;
/*!40101 SET character_set_client = @saved_cs_client */;

--
-- Dumping data for table `survey_os`
--

LOCK TABLES `survey_os` WRITE;
/*!40000 ALTER TABLE `survey_os` DISABLE KEYS */;
INSERT INTO `survey_os` VALUES (1,'Si','Si',2,'ACTIVA',1,'2017-08-18 03:24:53','2017-08-18 03:24:53'),(2,'No','No',2,'ACTIVA',1,'2017-08-18 03:25:00','2017-08-18 03:25:00'),(3,'En proceso','En proceso',2,'ACTIVA',1,'2017-08-18 03:25:07','2017-08-18 03:25:07'),(4,'Menos de un año','Menos de un año',3,'ACTIVA',1,'2017-08-18 03:26:41','2017-08-18 03:26:41'),(5,'1 a 3 años',' 1 a 3 años',3,'ACTIVA',1,'2017-08-18 03:26:58','2017-08-18 03:26:58'),(6,'3 a 5 años','3 a 5 años',3,'ACTIVA',1,'2017-08-18 03:27:07','2017-08-18 03:27:07'),(7,'Aún no trabajo','Aún no trabajo',3,'ACTIVA',1,'2017-08-18 03:29:00','2017-08-18 03:29:00'),(8,'Bolsa de trabajo','Bolsa de trabajo',4,'ACTIVA',1,'2017-08-18 03:30:11','2017-08-18 03:30:11'),(9,'A través de la residencia profesional','A través de la residencia profesional',4,'ACTIVA',1,'2017-08-18 03:30:37','2017-08-18 03:30:37'),(10,'Medios de comunicación','Medios de comunicación',4,'ACTIVA',1,'2017-08-18 03:30:57','2017-08-18 03:30:57'),(11,'Aún no trabajo','Aún no trabajo',4,'ACTIVA',1,'2017-08-18 03:31:08','2017-08-18 03:31:08'),(12,'Publica','Publica',6,'ACTIVA',1,'2017-08-18 03:33:34','2017-08-18 03:33:34'),(13,'Privada','Privada',6,'ACTIVA',1,'2017-08-18 03:33:44','2017-08-18 03:33:44'),(14,'Propia','Propia',6,'ACTIVA',1,'2017-08-18 03:33:53','2017-08-18 03:33:53'),(15,'No laboro','No laboro',6,'ACTIVA',1,'2017-08-18 03:34:15','2017-08-18 03:34:15'),(16,'Primario','Primario',7,'ACTIVA',1,'2017-08-18 03:36:06','2017-08-18 03:36:06'),(17,'Secundario','Secundario',7,'ACTIVA',1,'2017-08-18 03:37:43','2017-08-18 03:37:43'),(18,'Terciario','Terciario',7,'ACTIVA',1,'2017-08-18 03:37:55','2017-08-18 03:37:55'),(19,'Educativo','Educativo',7,'ACTIVA',1,'2017-08-18 03:38:03','2017-08-18 03:38:03'),(20,'No laboro','No laboro',7,'ACTIVA',1,'2017-08-18 03:38:06','2017-08-18 03:38:06'),(21,'Muy relacionado','Muy relacionado',8,'ACTIVA',1,'2017-08-18 03:40:15','2017-08-18 03:40:15'),(22,'Poco relacionado','Poco relacionado',8,'ACTIVA',1,'2017-08-18 03:40:28','2017-08-18 03:40:28'),(23,'Parcialmente','Parcialmente',8,'ACTIVA',1,'2017-08-18 03:40:50','2017-08-18 03:40:50'),(24,'No trabajo','No trabajo',8,'ACTIVA',1,'2017-08-18 03:41:04','2017-08-18 03:41:04'),(25,'Trabajo','Trabajo',9,'ACTIVA',1,'2017-08-18 03:42:15','2017-08-18 03:42:15'),(26,'Vinculación','Vinculación',9,'ACTIVA',1,'2017-08-18 03:42:29','2017-08-18 03:42:29'),(27,'Toma de Decisiones','Toma de Decisiones',9,'ACTIVA',1,'2017-08-18 03:42:54','2017-08-18 03:42:54'),(28,'Operacionales','Operacionales',9,'ACTIVA',1,'2017-08-18 03:43:08','2017-08-18 03:43:08'),(29,'Investigación','Investigación',9,'ACTIVA',1,'2017-08-18 03:43:19','2017-08-18 03:43:19'),(30,'Otro(s)','Otro(s)',9,'ACTIVA',1,'2017-08-18 03:43:37','2017-08-18 03:43:37'),(31,'Desarrollo de software','Desarrollo de software',10,'ACTIVA',1,'2017-08-18 03:44:35','2017-08-18 03:44:35'),(32,'Base de datos','Base de datos',10,'ACTIVA',1,'2017-08-18 03:44:48','2017-08-18 03:44:48'),(33,'Redes','Redes',10,'ACTIVA',1,'2017-08-18 03:44:56','2017-08-18 03:44:56'),(34,'Aplicaciones móviles','Aplicaciones móviles',10,'ACTIVA',1,'2017-08-18 03:45:20','2017-08-18 03:45:20'),(35,'Arquitectura de computadoras','Arquitectura de computadoras',10,'ACTIVA',1,'2017-08-18 03:45:53','2017-08-18 03:45:53'),(36,'Negocios','Negocios',10,'ACTIVA',1,'2017-08-18 03:46:04','2017-08-18 03:46:04'),(37,'Otro(s)','Otro(s)',10,'ACTIVA',1,'2017-08-18 03:46:12','2017-08-18 03:46:12'),(38,'Administración','Administración',12,'ACTIVA',2,'2017-08-21 10:11:41','2017-08-21 10:11:41'),(39,'Contaduría','Contaduría',12,'ACTIVA',2,'2017-08-21 10:12:09','2017-08-21 10:12:09'),(40,'Derecho','Derecho',12,'ACTIVA',2,'2017-08-21 10:12:26','2017-08-21 10:12:26'),(41,'Ingeniería en Sistemas','Ingeniería en Sistemas',12,'ACTIVA',2,'2017-08-21 10:12:55','2017-08-21 10:12:55'),(42,'Ingeniería Industrial','Ingeniería Industrial',12,'ACTIVA',2,'2017-08-21 10:13:56','2017-08-21 10:13:56'),(43,'Ingeniería Mecánica','Ingeniería Mecánica',12,'ACTIVA',2,'2017-08-21 10:14:33','2017-08-21 10:14:33'),(44,'Ingeniería en Eléctrica','Ingeniería en Eléctrica',12,'ACTIVA',2,'2017-08-21 10:15:34','2017-08-21 10:15:34'),(45,'Ingeniería Electrónica','Ingeniería Electrónica',12,'ACTIVA',2,'2017-08-21 10:16:06','2017-08-21 10:16:06'),(47,'Ingeniería Química','Ingeniería Química',12,'ACTIVA',2,'2017-08-21 10:24:17','2017-08-21 10:24:17'),(48,'Ingeniería Bioquímica','Ingeniería Bioquímica',12,'ACTIVA',2,'2017-08-21 10:24:59','2017-08-21 10:24:59'),(49,'Ingeniería en Gestión Empresarial','Ingeniería en Gestión Empresarial',12,'ACTIVA',2,'2017-08-21 10:25:49','2017-08-21 10:25:49'),(50,'Otras','Otras',12,'ACTIVA',2,'2017-08-21 10:26:24','2017-08-21 10:26:24'),(55,'Excelente formación','Excelente formación',13,'ACTIVA',2,'2017-08-21 10:31:04','2017-08-21 10:31:04'),(56,'Buena formación','Buena formación',13,'ACTIVA',2,'2017-08-21 10:31:21','2017-08-21 10:31:21'),(57,'Regular formación','Regular formación',13,'ACTIVA',2,'2017-08-21 10:31:42','2017-08-21 10:31:42'),(58,'Insatisfactoria formación','Insatisfactoria formación',13,'ACTIVA',2,'2017-08-21 10:36:13','2017-08-21 10:36:13'),(59,'Excelente','Excelente',14,'ACTIVA',2,'2017-08-21 10:37:14','2017-08-21 10:37:14'),(60,'Bueno','Bueno',14,'ACTIVA',2,'2017-08-21 10:37:25','2017-08-21 10:37:25'),(61,'Regular','Regular',14,'ACTIVA',2,'2017-08-21 10:37:42','2017-08-21 10:37:42'),(62,'Insatisfactorio','Insatisfactorio',14,'ACTIVA',2,'2017-08-21 10:38:06','2017-08-21 10:38:06'),(63,'Muy importante','Muy importante',15,'ACTIVA',2,'2017-08-21 10:39:09','2017-08-21 10:39:09'),(64,'Medianamente importante','Medianamente importante',15,'ACTIVA',2,'2017-08-21 10:39:47','2017-08-21 10:39:47'),(65,'Poco importante','Poco importante',15,'ACTIVA',2,'2017-08-21 10:42:33','2017-08-21 10:42:33'),(66,'No es importante','No es importante',15,'ACTIVA',2,'2017-08-21 10:42:50','2017-08-21 10:42:50'),(67,'Muy importante','Muy importante',16,'ACTIVA',2,'2017-08-21 10:44:23','2017-08-21 10:44:23'),(68,'Medianamente importante','Medianamente importante',16,'ACTIVA',2,'2017-08-21 10:44:37','2017-08-21 10:44:37'),(69,'Poco importante','Poco importante',16,'ACTIVA',2,'2017-08-21 10:44:51','2017-08-21 10:44:51'),(70,'No es importante','No es importante',16,'ACTIVA',2,'2017-08-21 10:45:05','2017-08-21 10:45:05'),(71,'Muy importante','Muy importante',17,'ACTIVA',2,'2017-08-21 10:45:51','2017-08-21 10:45:51'),(72,'Medianamente importante','Medianamente importante',17,'ACTIVA',2,'2017-08-21 10:46:00','2017-08-21 10:46:00'),(73,'Poco importante','Poco importante',17,'ACTIVA',2,'2017-08-21 10:46:11','2017-08-21 10:46:11'),(74,'No es importante','No es importante',17,'ACTIVA',2,'2017-08-21 10:46:19','2017-08-21 10:46:19'),(75,'Que tienen previsto continuar contratando profesionistas del Tecnológico','Que tienen previsto continuar contratando profesionistas del Tecnológico',18,'ACTIVA',2,'2017-08-21 10:47:53','2017-08-21 10:47:53'),(76,'Que prefieren contratar profesionistas de otras universidades:','Que prefieren contratar profesionistas de otras universidades:',18,'ACTIVA',2,'2017-08-21 10:48:35','2017-08-21 10:48:35'),(77,'Muy importante','Muy importante',19,'ACTIVA',2,'2017-08-21 10:50:29','2017-08-21 10:50:29'),(78,'Medianamente importante','Medianamente importante',19,'ACTIVA',2,'2017-08-21 10:50:44','2017-08-21 10:50:44'),(79,'Poco importante','Poco importante',19,'ACTIVA',2,'2017-08-21 10:50:58','2017-08-21 10:50:58'),(80,'No es importante','No es importante',19,'ACTIVA',2,'2017-08-21 10:52:16','2017-08-21 10:52:16');
/*!40000 ALTER TABLE `survey_os` ENABLE KEYS */;
UNLOCK TABLES;

--
-- Table structure for table `survey_qs`
--

DROP TABLE IF EXISTS `survey_qs`;
/*!40101 SET @saved_cs_client     = @@character_set_client */;
/*!40101 SET character_set_client = utf8 */;
CREATE TABLE `survey_qs` (
  `id` int(10) unsigned NOT NULL AUTO_INCREMENT,
  `q_format` varchar(255) COLLATE utf8_unicode_ci NOT NULL,
  `q_text` text COLLATE utf8_unicode_ci NOT NULL,
  `q_createdby` int(11) NOT NULL,
  `q_status` varchar(255) COLLATE utf8_unicode_ci NOT NULL,
  `survey_id` int(10) unsigned NOT NULL,
  `created_at` timestamp NULL DEFAULT NULL,
  `updated_at` timestamp NULL DEFAULT NULL,
  PRIMARY KEY (`id`)
) ENGINE=InnoDB AUTO_INCREMENT=22 DEFAULT CHARSET=utf8 COLLATE=utf8_unicode_ci;
/*!40101 SET character_set_client = @saved_cs_client */;

--
-- Dumping data for table `survey_qs`
--

LOCK TABLES `survey_qs` WRITE;
/*!40000 ALTER TABLE `survey_qs` DISABLE KEYS */;
INSERT INTO `survey_qs` VALUES (1,'TEXTO','Página de Facebook o Twitter:',1,'ACTIVA',1,'2017-08-18 03:23:58','2017-08-18 03:23:58'),(2,'SELECTED','Titulado:',1,'ACTIVA',1,'2017-08-18 03:24:24','2017-08-18 03:24:24'),(3,'SELECTED','¿Cuánto tiempo tardó en encontrar su primer empleo después de egresar?',1,'ACTIVA',1,'2017-08-18 03:26:12','2017-08-18 03:26:12'),(4,'SELECTED','¿Por qué medio obtuvo su trabajo actual?',1,'ACTIVA',1,'2017-08-18 03:29:42','2017-08-18 03:29:42'),(5,'TEXTO','Nombre de la empresa, institución u organización en la que labora:',1,'ACTIVA',1,'2017-08-18 03:31:47','2017-08-18 03:31:47'),(6,'SELECTED','Tipo de institución en la que labora:',1,'ACTIVA',1,'2017-08-18 03:32:19','2017-08-18 03:32:19'),(7,'SELECTED','Mencione el sector económico al que pertenece la empresa u organización en la que labora:',1,'ACTIVA',1,'2017-08-18 03:35:45','2017-08-18 03:35:45'),(8,'SELECTED','¿Qué tan relacionado con sus estudios de licenciatura está el trabajo que actualmente desempeña?',1,'ACTIVA',1,'2017-08-18 03:39:39','2017-08-18 03:39:39'),(9,'SELECTED','La formación obtenida en el instituto le permitió responder a las demandas de:',1,'ACTIVA',1,'2017-08-18 03:41:51','2017-08-18 03:41:51'),(10,'SELECTED','En qué área te desempeñas actualmente:',1,'ACTIVA',1,'2017-08-18 03:44:04','2017-08-18 03:44:04'),(11,'TEXTO','Comentarios y sugerencias:',1,'ACTIVA',1,'2017-08-18 03:46:48','2017-08-18 03:46:48'),(12,'SELECTED','Carreras más demandadas por los empleadores.',1,'ACTIVA',2,'2017-08-21 09:56:17','2017-08-21 09:56:17'),(13,'SELECTED','Opinión de los empleadores sobre la formación profesional de los egresados.',1,'ACTIVA',2,'2017-08-21 09:57:26','2017-08-21 09:57:26'),(14,'SELECTED','Opinión de los empleadores sobre el desempeño laboral de los egresados.',1,'ACTIVA',2,'2017-08-21 09:58:10','2017-08-21 09:58:10'),(15,'SELECTED','Importancia que le otorgan los empleadores al título profesional como requisito para contratar a egresados.',1,'ACTIVA',2,'2017-08-21 10:00:46','2017-08-21 10:00:46'),(16,'SELECTED','Importancia de la experiencia laboral para contratar a un profesionista.',1,'ACTIVA',2,'2017-08-21 10:01:41','2017-08-21 10:01:41'),(17,'SELECTED','Importa la imagen del Tecnológico para contratar a un egresado de éste',1,'ACTIVA',2,'2017-08-21 10:02:26','2017-08-21 10:02:26'),(18,'SELECTED','Confianza de los empleadores para la contratación de egresados del Instituto Tecnológico de Tuxtla Gutiérrez',1,'ACTIVA',2,'2017-08-21 10:03:36','2017-08-21 10:03:36'),(19,'SELECTED','Importancia del dominio de una lengua extranjera',1,'ACTIVA',2,'2017-08-21 10:05:29','2017-08-21 10:05:29'),(20,'TEXTO','Certificación en competencias laborales requiere:',1,'ACTIVA',2,'2017-08-21 10:06:35','2017-08-21 10:06:35'),(21,'TEXTO','Número de egresados del Instituto Tecnológico de Tuxtla Gutiérrez que tiene contratados en su empresa.',1,'ACTIVA',2,'2017-08-21 10:09:48','2017-08-21 10:09:48');
/*!40000 ALTER TABLE `survey_qs` ENABLE KEYS */;
UNLOCK TABLES;

--
-- Table structure for table `surveys`
--

DROP TABLE IF EXISTS `surveys`;
/*!40101 SET @saved_cs_client     = @@character_set_client */;
/*!40101 SET character_set_client = utf8 */;
CREATE TABLE `surveys` (
  `id` int(10) unsigned NOT NULL AUTO_INCREMENT,
  `survey_title` varchar(255) COLLATE utf8_unicode_ci NOT NULL,
  `survey_text` text COLLATE utf8_unicode_ci NOT NULL,
  `survey_status` varchar(255) COLLATE utf8_unicode_ci NOT NULL,
  `type_encuesta` int(11) NOT NULL,
  `created_at` timestamp NULL DEFAULT NULL,
  `updated_at` timestamp NULL DEFAULT NULL,
  PRIMARY KEY (`id`)
) ENGINE=InnoDB AUTO_INCREMENT=3 DEFAULT CHARSET=utf8 COLLATE=utf8_unicode_ci;
/*!40101 SET character_set_client = @saved_cs_client */;

--
-- Dumping data for table `surveys`
--

LOCK TABLES `surveys` WRITE;
/*!40000 ALTER TABLE `surveys` DISABLE KEYS */;
INSERT INTO `surveys` VALUES (1,'ENCUESTA DE SEGUIMIENTO DE EGRESADOS','ENCUESTA DE SEGUIMIENTO DE EGRESADOS','ACTIVA',1,'2017-08-18 03:20:44','2017-08-18 03:20:44'),(2,'ENCUESTA DE SEGUIMIENTO DE EMPLEADORES','ENCUESTA DE SEGUIMIENTO DE EMPLEADORES','ACTIVA',2,'2017-08-21 09:55:40','2017-08-21 09:55:40');
/*!40000 ALTER TABLE `surveys` ENABLE KEYS */;
UNLOCK TABLES;

--
-- Table structure for table `teachers`
--

DROP TABLE IF EXISTS `teachers`;
/*!40101 SET @saved_cs_client     = @@character_set_client */;
/*!40101 SET character_set_client = utf8 */;
CREATE TABLE `teachers` (
  `id` int(10) unsigned NOT NULL AUTO_INCREMENT,
  `name` varchar(255) COLLATE utf8_unicode_ci NOT NULL,
  `last_name` varchar(255) COLLATE utf8_unicode_ci NOT NULL,
  `rfc` varchar(255) COLLATE utf8_unicode_ci NOT NULL,
  `phone` varchar(255) COLLATE utf8_unicode_ci NOT NULL,
  `user_id` int(10) unsigned NOT NULL,
  `created_at` timestamp NULL DEFAULT NULL,
  `updated_at` timestamp NULL DEFAULT NULL,
  PRIMARY KEY (`id`)
) ENGINE=InnoDB AUTO_INCREMENT=24 DEFAULT CHARSET=utf8 COLLATE=utf8_unicode_ci;
/*!40101 SET character_set_client = @saved_cs_client */;

--
-- Dumping data for table `teachers`
--

LOCK TABLES `teachers` WRITE;
/*!40000 ALTER TABLE `teachers` DISABLE KEYS */;
INSERT INTO `teachers` VALUES (1,'Aida Guillermina ','Cossío Martinez','0000000','0000000000',125,'2017-09-05 19:28:59','2017-09-05 19:28:59'),(2,'Octavio','Ríos Tercero','0000000','0000000000',126,'2017-09-05 19:30:05','2017-09-05 19:30:05'),(3,'Jorge Octavio','Guzmán Sánchez','0000000','0000000000',127,'2017-09-05 19:32:16','2017-09-05 19:32:16'),(4,'Walter','Torres Robledo','0000000','0000000000',128,'2017-09-05 19:33:46','2017-09-05 19:33:46'),(5,'Jesús Carlos','Sánchez Guzmán','0000000','0000000000',129,'2017-09-05 19:35:43','2017-09-05 19:35:43'),(6,'Miguel Arturo','Vázquez Velázquez','0000000','0000000000',130,'2017-09-05 19:37:23','2017-09-05 19:37:23'),(7,'María Delina','Culebro Farrera','0000000','0000000000',131,'2017-09-05 19:38:36','2017-09-05 19:38:36'),(8,'Madaín ','Pérez Patricio','0000000','0000000000',132,'2017-09-05 19:39:34','2017-09-05 19:39:34'),(9,'María Candelaria','Gutiérrez Gómez','0000000','0000000000',133,'2017-09-05 19:41:31','2017-09-05 19:41:31'),(10,'María Guadalupe','Monjarás Velasco','0000000','0000000000',134,'2017-09-05 19:44:06','2017-09-05 19:44:06'),(11,'Ciclalli ','Cabrera García','0000000','0000000000',135,'2017-09-05 19:45:50','2017-09-05 19:45:50'),(12,'Jorge William','Figueroa Corzo','0000000','0000000000',136,'2017-09-05 19:47:14','2017-09-05 19:47:14'),(13,'Bitzero Technologies','S.A. de C.V.','BTE11111095Y9','2261559',137,'2017-09-05 19:48:31','2017-09-13 22:50:37'),(14,'Néstor Antonio','Morales Navarro','0000000','0000000000',138,'2017-09-05 19:51:09','2017-09-05 19:51:09'),(15,'Jorge Humberto','Ruiz Ovalle','0000000','9615809645',139,'2017-09-05 19:52:03','2017-09-06 03:55:36'),(16,'Daniel','Ríos García','0000000','0000000000',140,'2017-09-05 19:53:16','2017-09-05 19:53:16'),(17,'Imelda ','Valles López','0000000','0000000000',141,'2017-09-05 19:54:24','2017-09-05 19:54:24'),(18,'Francisco  de Jesús','Suarez Ruiz','0000000','0000000000',142,'2017-09-05 19:55:46','2017-09-05 19:55:46'),(19,'Héctor','Guerra Crespo','0000000','0000000000',143,'2017-09-05 19:56:21','2017-09-05 19:56:21'),(20,'Rosy Ilda','Basave','0000000','0000000000',144,'2017-09-05 19:57:22','2017-09-05 19:57:22'),(21,'Alicia','González Laguna','0000000','0000000000',145,'2017-09-05 19:58:29','2017-09-05 19:58:29'),(22,'Carlos Alexis','Ortiz Camas','0000000000000','9616029427',183,'2017-09-06 08:35:02','2017-09-06 08:49:06'),(23,'Jorge Luis','Gonzalez','0000000000','0000000000',257,'2018-03-14 13:03:44','2018-03-14 13:03:44');
/*!40000 ALTER TABLE `teachers` ENABLE KEYS */;
UNLOCK TABLES;

--
-- Table structure for table `tests`
--

DROP TABLE IF EXISTS `tests`;
/*!40101 SET @saved_cs_client     = @@character_set_client */;
/*!40101 SET character_set_client = utf8 */;
CREATE TABLE `tests` (
  `id` int(10) unsigned NOT NULL AUTO_INCREMENT,
  `number` int(11) NOT NULL,
  `title` text COLLATE utf8_unicode_ci NOT NULL,
  `created_at` timestamp NULL DEFAULT NULL,
  `updated_at` timestamp NULL DEFAULT NULL,
  PRIMARY KEY (`id`)
) ENGINE=InnoDB DEFAULT CHARSET=utf8 COLLATE=utf8_unicode_ci;
/*!40101 SET character_set_client = @saved_cs_client */;

--
-- Dumping data for table `tests`
--

LOCK TABLES `tests` WRITE;
/*!40000 ALTER TABLE `tests` DISABLE KEYS */;
/*!40000 ALTER TABLE `tests` ENABLE KEYS */;
UNLOCK TABLES;

--
-- Table structure for table `users`
--

DROP TABLE IF EXISTS `users`;
/*!40101 SET @saved_cs_client     = @@character_set_client */;
/*!40101 SET character_set_client = utf8 */;
CREATE TABLE `users` (
  `id` int(10) unsigned NOT NULL AUTO_INCREMENT,
  `name` varchar(255) COLLATE utf8_unicode_ci NOT NULL,
  `email` varchar(255) COLLATE utf8_unicode_ci NOT NULL,
  `password` varchar(255) COLLATE utf8_unicode_ci NOT NULL,
  `remember_token` varchar(100) COLLATE utf8_unicode_ci DEFAULT NULL,
  `created_at` timestamp NULL DEFAULT NULL,
  `updated_at` timestamp NULL DEFAULT NULL,
  PRIMARY KEY (`id`),
  UNIQUE KEY `users_email_unique` (`email`)
) ENGINE=InnoDB AUTO_INCREMENT=317 DEFAULT CHARSET=utf8 COLLATE=utf8_unicode_ci;
/*!40101 SET character_set_client = @saved_cs_client */;

--
-- Dumping data for table `users`
--

LOCK TABLES `users` WRITE;
/*!40000 ALTER TABLE `users` DISABLE KEYS */;
INSERT INTO `users` VALUES (1,'Aida Cossío','vinculacion@ittg.mx','$2y$10$fMBNc3.aCn5R4PERUEmln.VFgF/NxvHuhVXJ8I4l6vcPDO.WBCahm','MWyRpt9gjbxbTKaWQDQgReEv7mPxVQD16YkAnMyP3I2V8BK9yD2Eq67XHcLH','2017-08-18 03:19:11','2018-11-09 01:57:57'),(3,'Jorge Luis Díaz Suárez','jorge_duhast@hotmail.com','$2y$10$IwoSJ4BD7AFCT8/3qysXS.gQNz2H.t6tv0nj6CSOiE.231VlH2AyC','H4YUcs29w9tJrLWZzRoysrMubm2EQZb7Ibf6riBdWng90jJhOizNMW8eGGqv','2017-08-18 18:17:58','2017-08-18 18:19:33'),(4,'Daniela del Carmen Aguilar Jiménez','danielajarrison57@gmail.com','$2y$10$8h07rgDl.UChT3zRN754pu4xIvTJiojJ2Q6QaE7vqGVk226byjY.m','PjVgU1eCYORJHcPFdlIj34dQQcGJzeDgczX4d07QcT6sexMIEjZ5I5PAn0st','2017-08-18 18:20:44','2017-08-18 18:21:47'),(5,'Marco Antonio Ramírez Gómez','mcramirez2k@gmail.com','$2y$10$dWW99oYTKEiNl4.sgEZmLuwy83.xSlxDSguAhhT/LFkjGo/TSZH02','XQl0dpLdDBSl2Hd4BhFpehFzcAqLNkjxZvItWMd4d4L1N913giFQ9IyJd4Vr','2017-08-18 18:23:13','2017-08-18 18:24:13'),(6,'Carlos Alberto Hernández López','carlos-1893ahl_@hotmail.com','$2y$10$YE77wa8TeUfq0PIoXsASMe5iQxLgqOUcKuKguRIKeexx.JoDN5HeG','2wyMJ7ze3WiQqTMs6kjrEAqXtE5vNMVBVlhuISyjYU8xUC6Xj8w4zOO9a9h0','2017-08-18 18:25:40','2017-08-18 18:27:00'),(7,'Jhonatan Grajales Ovando','yoni-g@live.com','$2y$10$tib2FVHdBgksFuO6efpHU.WyH4FmqPPg94HR6gibKDwMHfhX2su3m','Wtt5yWpLJEOBx3xDXsX1XTJe8F2SmPuXw44vfWUkrMg4qJ3TeKG38vzw8Muq','2017-08-18 18:28:17','2017-08-18 18:38:55'),(8,'Alejandro Hernández Guzman','alelike02@gmail.com','$2y$10$3CwI03YLWIn1r3GFYMGYCO4QJnv3Wev7tETQOIHKJ4J2wpNLK4kKq','fXqgcS5fYmVuYzSZcSS8BY56i9aMDBUJuAVsvQwPA1ia8RZuYmEAmE0ukqWO','2017-08-18 18:40:11','2017-08-25 08:33:22'),(9,'Juan Carlos Gutiérrez Pérez','jcgp_1993@hotmail.com','$2y$10$8WctwP1vuktSBRTYacxWsecLTFHXkdUT9/R5Oe6lqAWv/SPRpzDRa','HYfVcBvjCmGwgmjNveu0ecRVaNjNpMbEp3dcaNQxTi71pqwPZzl8i8XPJMVL','2017-08-18 19:02:54','2017-08-18 19:04:20'),(10,'Luis Eduardo Vázquez Trinidad','LEVT_94plus@hotmail.com','$2y$10$kTma9zp2WJ/MQ700FKVr4.z6v67NaoxJ/ttuXaMU171DwaK57pL56','0ipI70JMwQGVLGVFw6NScLtLAvpmz2GlPhZfvxo2KUAeHYz8DxWb1ZAKaPGa','2017-08-18 19:08:08','2017-08-18 19:08:55'),(11,'Jhonata Guadalupe Cerda López','cabito22@hotmail.com','$2y$10$e3FFGu9noC42fWUk.KivROLERuBWLoWOrVBXXOnA89ZVqQD7MDSJK','dvC6B6RCCHY9m1MzDKL7vcUE2lL07xhgVkByhRneyt9oaYiDgFGt3k14JrOd','2017-08-18 19:21:21','2017-08-18 19:22:27'),(12,'Jorge Luis Lorenzo López','joseluis230894@gmail.com','$2y$10$f2VIPWU3Hm89TTiE760dR.qWI93J.GqJOwoeEMShb7xnmEBEIZrSa','ToIOxDKREGwSklyd6MrLwYt4tSMV3YNL9xTJhmvunNGUcaUVXaEKnQ0IlBcc','2017-08-18 19:24:07','2017-08-18 19:25:03'),(13,'Miguel Angel Rodriguez Guillen','get.miguel16@gmail.com','$2y$10$YGOY7lDyPogvXpOTUb4OfOAwEhcsD.huuj6Hv4QUMz529vr/g1i3O','7BtuZxNXmAw55ZfId0pCFYlh3leSOvKaBbUCaZ8n7nxukIj7oZzppQD7Xj3N','2017-08-18 19:27:19','2017-08-18 19:28:40'),(14,'Jesus Asmeth Perez Camacho','ing.jesus.asmeth@gmail.com','$2y$10$v3Msm6AkCM8xUfahCPaVPOoEE5dpdE3cn.1fGlbrO5Z6Bn9D/Yv4m','TUBD5qh6qIqBXcFOaSatReBs2dmFf7Z3dMsFJnawSirTfkf8b4NWQWLlyMhM','2017-08-18 19:31:08','2017-08-18 19:32:15'),(15,'Carlos Alexis Rasgado Gordillo','carlosragdo@gmail.com','$2y$10$s0gNjYOqSTPX97Cir0TAP.mqyi81VVkWLLKNPm99VduzZ2js7KRXe','3hTMGGX1NpRYqsMF05jFF9Ot7SFY2ZaOR49kZnP1q8YVI0CV5miNGSKwD5oA','2017-08-18 19:42:03','2017-08-18 20:10:43'),(16,'Andrés Esteban Palomeque Ruiz','andresPr1989@gmail.com','$2y$10$/rDgWDnp1fsB4v4aC4UkMeoOmI7kATfDSqEKa7WZQjEoqdooM9/Je','7YDXD4T8IsQvH7Pw8Pwzzo7SLN76fbjn6O5R2iI8ysgz08UyYFMiyS24Ybxi','2017-08-18 20:13:03','2017-08-18 20:14:15'),(17,'Josué Emmanuel Díaz Mayorga','joem.dima@gmail.com','$2y$10$KoRb/JsUylXqkPSuCnwTU.MEjmuyoUw1JzXqI59HGyn6cbwf1mE52','Kaz9KMK00zB12uSglIwj7IHSHxZuRaHd2bqAFiMZeycCDus7JugTvfkfOJaP','2017-08-18 20:15:24','2017-08-18 20:16:14'),(18,'Alexis de Jesus Gomez Pinto ','isc.alexisGopi@gmail.com','$2y$10$IawZ/yrgjqM6rl41Z/ihkOqBqgTXKn3HVrckW.QJyutAdEeAUfPie','rvbLHgQnlGWiFk97UXKtcjSi92boJHz09heRDlOrkPpoVg0zhCGksj4if0DA','2017-08-18 20:18:52','2017-08-18 20:19:58'),(19,'Abdias Adhonay Montejo Fonseca','abdiasmontejo@gmail.com','$2y$10$32PiTbLGoGDg3Rcn2UBCwujBkf61l9iO0XL.0HB5UCNtkJUMRngwu','hGA4u1T0CJgxvApBRmGLN5q7H8fWObG9WUDmnTxoOkjCU3VdD6mq6JxHNHEG','2017-08-18 20:21:31','2017-08-18 20:22:27'),(20,'Dulce Alejandra Tacias de la Torre','alejandra.tacias@gmail.com','$2y$10$5n/CcgCpY4sJcuhiXmSwOe11oDwCOo3.5BEXFqprWPy.nvO/QzQES','9oynCdrGfiDJ4kYviWXVUc2xTKHsCDlAFyNMY0XWKpJdoWmf14RgY1mrrU5k','2017-08-18 20:24:09','2017-08-18 20:24:43'),(21,'Luis Santos Morales Cortez','ismc9116@gmail.com','$2y$10$c8YL6rC5bMTsjVxLE5CkKeIZmNRvCq3qVSKXmiplkrMihQSNx0Bg2','fzVdluCujkck8MghxLweQg3M6hp0F9ASKUYvPgBgY2lGOHOBSOQCpm7cRB8A','2017-08-18 20:26:47','2017-08-18 20:27:36'),(22,'Jose Angel Hernandez Rosario','qelo-aaa@hotmail.com','$2y$10$Ckm7GiayHfRLOkF.0KiGYecSVJ/bljXr7d3AO5lL/sKOX1BYHOJNK','hSe4A50ANiBNnbKT6IRsIGXj2gxR5MFnVXmBm84tQm3ahy8M98IyfDpnqR2M','2017-08-18 20:29:59','2017-08-18 20:30:58'),(23,'Viridiana Rodas Recinos','viri.ro.re@gmail.com','$2y$10$Ig36hKLBIRUA/8PkX6FPPumeJVNzbIPzcv9iQOYqQ12YlUC2RZi4K','XpkwQk01xLR5znHHGXB37r4sEtsL9TIRhprby6TR30oMQqlHw6TMCHePVWaF','2017-08-18 20:32:24','2017-08-18 20:33:06'),(24,'Keyla Sitene Dominguez Mijangos','kekis0311@gmail.com','$2y$10$ZuXD0VJ82fD0UfsT745Kmu.p5L7PrHB6P0VXCi0t3EOjlXaA3NBwC','7stUoHGMPfVin4eRkVrrDCMPlbof6YCJgLX85Fzd5bjOT2Mjgj96xjjXkFAv','2017-08-18 20:35:05','2017-08-18 20:35:46'),(25,'Floyde Hernández López','floyde_02@hotmail.com','$2y$10$ILpqXLN9OnYLyayYz/1F.ugJV5wtGEOSgefTww7KV49L0INyl1x2.','6KajP8LHYd4bwgxlTQo7E1x04KhjJrLnZwxbvSYknkCudvmZOP12hPhQzIAn','2017-08-18 20:37:38','2017-08-18 20:38:09'),(26,'Daniel Alberto  Alegría Sanchez  ','albertoalegria01@gmail.com','$2y$10$k4Jjq.XuV8nqAZKmkwa.f.9c5LhRLKRYCi.8VasdsCPc.eoRah0XG','R0QOObNGFUAMQm3g1wTZwNEOhAKNObFZNozvJ62tzq3AUvEiKK32n2gWBzit','2017-08-18 20:39:51','2017-08-18 20:40:24'),(27,'Daniel Alonso Días Palacios','danielpalacios@gmail.com','$2y$10$KnA6JPyjC0KIuYuu70KrJeBO0.ZW7Y630vXPYhS8ouRBcvITQ73ee','BUncxJxSfvmspYONak83rDsJwLUioweRwQxDKIm5rdWVVdiBi1bVgda5KLra','2017-08-18 20:41:43','2017-08-18 20:42:11'),(28,'Eder Oswaldo Ramirez Martinez','eder_ramtz@hotmail.com','$2y$10$ALDfdovQQUg4Jhv0HHDQY.VK4zzGh.VvxtejDZ4Sk9PX6/oOJpgky','Sj6TeBaMvcD4X8h9LwY7SWKzlfdtKPwZgE2rYsPGn8FMd4HQF6BTQ0agkvW7','2017-08-18 20:44:36','2017-08-18 20:45:02'),(29,'Zenaido Norberto Hernández Gonzalez','goz.694@gmail.com','$2y$10$5sGWOrrgTAjy4VhqajAU9On4o9GUksMr.2Ggvdrq7tag.0gLtegBW','oTE956uOPlR4wNAXVlYmhsG89gCKLxoKCkHdwjfnMnPJSQ3REMJFl3qNCP5O','2017-08-18 20:46:42','2017-08-18 20:47:49'),(30,'Osmar Dallan Pérez Estrada','blue_viper94@hotmail.com','$2y$10$FkbpD.509Qsl8nl6Gefo6OTQ9G/yqnTeTruAdREiB3bMguxuNMR9i','YaUAWP2X9zvv4S44H7doWdpFwFQaTsJsGsjGZYXs6YK5Hh8kHfboZAiY1K88','2017-08-18 20:50:14','2017-08-18 20:50:43'),(31,'Diego Armando Morales Aguilar','diegoama21@hotmail.com','$2y$10$/STrQ9I9pNCu34l15Vh6O.8YuK6ramvePwgv1hdeCINKTiq.92rEO','J6tdqNaOc8id9CaMgv1U8f9jo5djVE4vW6ELVgI7EpGCGdSKgXyIc91Ru4ha','2017-08-18 20:54:23','2017-08-18 20:54:50'),(32,'Rafael Rosales Pérez','rafaeltux@hotmail.com','$2y$10$byVZzOCfFaMsEChIxm/3Qe4iemDtMI0N4WTtVepbtZ5wgvDEBSfDi','AzuT5VSKQIftV4QVGluNOLUBV54uAQUEni2S4fUuUVjyZPa4q0lzBDe4CHkQ','2017-08-18 20:56:36','2017-08-18 20:57:14'),(33,'Juan de Dios Cruz Santibáñez','jcrsantibanez@gmail.com','$2y$10$mdWwbvKM/OYbVXtvUh/IXe.1uhdo7RSMkel6x.sO7ZkUBvvN5ZbD6','90p9NFFRlZD8ei27FydO27iKaHhe64qVvxlbDCmgG4y14UggeMfpUrK7pcKX','2017-08-18 20:58:51','2017-08-18 20:59:30'),(34,'David González Santos','guitarra_amor@hotmail.com','$2y$10$jjkEGjJHpKsUfCqxC1ILYe1SinUrFh9tQJzNpzPNxA/6Ip4/1Hj8i','I2ADDtopZ40lqYHVG2X5ITYQqWhhEkDuDbeoXxSdjcowljQLUQYpVHTM0flt','2017-08-18 21:01:28','2017-08-18 21:02:01'),(35,'Samuel de Jesus Ruiz Martinez','tecnologico_360_@hotmail.com','$2y$10$EYxSzpNspUlaOnm/9XjEgO0XfPxXP4IyLyWAMwi8T4FpWrar8zH7i','9Fs6pApLFPirBIsPddKXcz5xFNJrLVCNTHZq3a7skuFt7ugErj0NK3Uksywa','2017-08-18 21:29:26','2017-09-25 01:18:49'),(36,'Carlos Alberto Tondopó','carlos.tondopopv@outlook.es','$2y$10$Tv/gD5AW.E3vi4Luv2kjX.KgPwIurgkYHlVHgT/OeyoveqvM5ynvu','E2TYQtmDi81dFQuVllP96GViinaW34f1XZSddA1yLRkN4bjLNJU1FMShLF4f','2017-08-18 21:34:45','2017-08-18 21:35:54'),(37,'María de los Ángeles Vargas Perez','mava726@gmail.com','$2y$10$dzJNeDr7gdgg00rXVgIi7eViRHnkZUpZh3.pKwdG0wkyFMK/YfMJy','SpCZ5JkgVmEdm5AxfutA0TxWjxZ68jfwJjYT25ognZXG4PTCFvQ6dYWkVyjq','2017-08-18 21:39:22','2017-08-18 21:40:21'),(38,'Julissa  Nigenda Hernández','jazuries@gmail.com','$2y$10$J0I3u0Go1MqxuNFeEJ4iLeRhuHzF1HufUI4uQigaZ/.9o2/13jHae','RKwKQd4E0Lw3HJYI8YQKX9116WJMiOwZ43JFY72miTQYA1wAejPyqvqOPuyP','2017-08-18 21:42:09','2017-08-18 21:42:38'),(39,'Nestor Daniel Ruiz Pascacio','ndrp93@gmail.com','$2y$10$2B11vcd64aWXS03nmjnZx.EYc4PpJoZQdofwMQ7Eh3t3BGxaBMr9C','NPw6r693hHSmmeKbVFevWtqykiKYuulzHPcYRb9xUOG1LTaBXPa7A0cg4UP6','2017-08-18 21:45:27','2017-08-18 21:46:01'),(40,'Valeria de los Santos Altamirano ','valeria_091993@hotmail.com','$2y$10$1PejXGhqYjpZOR0sO0EvSOdY82ec/Tk9i9gUSwe2vYi0fiBdqI6C6','WlE9Lhcdq3kVG6DB4XNLrDNhCGCWcuOPKZolpgbXZqPetAfSOS8Y2Y1Alw1Z','2017-08-18 21:48:31','2017-08-18 21:49:51'),(41,'Gilberto Audelin Zenteno Hernandez','gilbertzen51@gmail.com','$2y$10$M/bPxnXlo6VMaeoVh2KLMuiiR8Y3ar/bgxxBOcXiSBhQmO82X6tCa','xZZ1I4oldhwAVImeMTTgwkITwzi278Apjqhc3o0b3lRm5VOywgKQiu9I5k73','2017-08-18 21:51:48','2017-08-18 21:53:54'),(42,'Julio Cesar Cerda Robles','jucecero90@hotmail.com','$2y$10$EJ3Vha30IARhFBZwd1ezv.kCwjB3MsOuRg9gxJLavnRuG/5cqo1je','t2L8qwWsb3zHdtuhzPDH4jKaUP3FWXtFm2JCK6qvAFd0OAfucNLoiIIsySO0','2017-08-18 21:55:09','2017-08-18 21:55:35'),(43,'Alejandra Zuñiga Trinidad ','alex_08taz@hotmail.com','$2y$10$iTkEaE9tW8GyYk99G5QjhOGWXnWQ.v9xaseTANSPhK86ZcU5ZYeFi','ajZsJ57M7rbvmxdpo6t9XL374qsTUonJsh3WPqcqIffnnOL086z54rMMAd3H','2017-08-18 21:57:02','2017-08-18 21:57:34'),(44,'Rubicel Romero Solís','rubicel_123@hotmail.com','$2y$10$KieP9t8s0rGbhm3oRuqMYusPn4Iwdn7jM.213aqx5hvzDBkkNs4da','GXJDIPeG4co4vgB8x12GhHwB8Z1mYeNgCABzszAW5J10klL5dspdyToQIDpv','2017-08-18 21:58:41','2017-08-18 21:59:09'),(45,'Jesús Alexis Montejo Mundo','jalexm09@gmail.com','$2y$10$tSzcmEddqoftZ62aLp1h1ucWe9Qdx4svvLty1aXtJ1CvAZL3o//qy','BPIUne0oefM7FTX8fpf3l5ATNJPKYRmSArMKKKLmsJu0yt7KNwqFCya0es2z','2017-08-18 22:03:25','2017-08-18 22:05:05'),(46,'Jorge Rafael Sánchez Sánchez','jocker00714@gmail.com','$2y$10$PGV4LKWJfeTPuE29P790W.f/Fyt3fiFGBcFuB3BAUuRje/yfvKIoW','517Gtaeq5XWiTrIj2uoT2sruH6qeM7atuC5lGb8chB4DNFhHoqSWtPoK6M2t','2017-08-18 22:07:01','2017-08-18 22:09:50'),(47,'Isaura Margarita Hernández Felipe','isa14_1993@live.com.mx','$2y$10$uj/.h.4eYJVz6SvSiIadj.87sUPWekghJccuTDAc0RSxOeVAos.qW','EobBRiX0g6CfzyjHArWoAdyPjhkZq3rXWf32EaIJt4hsKWs40BtBXDxCCIoS','2017-08-18 22:11:54','2017-08-18 22:13:20'),(48,'Jonathan Nigenda Dominguez','z3uz9205@gmail.com','$2y$10$VVFkKdcJB9uanV8kW8zJ3ePVl2nOPXlLJ1sw/NNI4fZNeTdE/OAty','UisfcvXwtTeLoUZocwBDQ6uDzFqgCthqepaNHMRNRSdtE6xA6HCo2idVU1su','2017-08-18 22:16:36','2017-08-18 22:18:14'),(49,'Said Arturo  Maillard Peña ','zersad2514@gmail.com','$2y$10$bNk0FTlmFW1LXlleQTd.nechGjR5ZDB5sS8I1VNXTxUw3GvkA6ve2','7SGhvxeDTarIcfpEbbLudfvxfzqfsWaWCTDBlXUs9e4l08fH0IeRUPhP5PT9','2017-08-19 00:05:17','2017-08-19 00:06:02'),(50,'Erick López Zarate ','erick_lopez_zarate@hotmail.com','$2y$10$1iNAYSNCUXvOJC0QR0ct4et7s8evPH8wRKxiDhN.tk4kCGiF0IxIu','7alZfvyu0EhZaqRHT7vwR8teO9BZ4JqG1I2oWQHEEaAQkW1UaoKDWRH1D1i1','2017-08-19 00:07:17','2017-08-19 00:08:43'),(55,'Gaspar Cartagena Borraz','iconsoft.110@gmail.com','$2y$10$XaScwp8yoB8AsOO.QyGtd.HZifTzySiAXJI2KEH54L7CcQWpzF/PC','GbqQ60E9E1g7tVFZU31MaX8G531Bsg83dCHmv35SKEX4Qa1ejMyUGpEkkaAD','2017-08-29 01:22:13','2017-08-29 01:25:28'),(56,'Jorge Pedrea Morales','jorge.pedrazam@gmail.com','$2y$10$1P2onv9GR1tE/UPDoomWVOila3juVC.IUmMXOzzl.UO7MvHqfUe1y','khB1E4NpxKckQM14XOIbiNj2FIIHXoxnM7S3aG8ZrUgZOCc8YaCfQ639EW9m','2017-08-29 01:28:49','2017-08-29 01:31:56'),(57,'Alejandra Espinosa Calderón','iscespinosa@hotmail.com','$2y$10$0d9/579Xe3I6Ivw8/dpVN.V6pS5qbAXNhD5lzk29sJR1aid7KbfTW','03P26jxmdKKJfesmPhsPNPOCo3h3h0oBtk8EqCe8zk5KyvdHFpBK6ZEscy2y','2017-08-29 01:33:18','2017-08-29 01:37:07'),(58,'Isaac Moisés Vázquez Méndez','isaacvm@hotmail.com','$2y$10$1M7l7Uxa2SuH0sQ0r.CfueWoPW/uRKFUKr038BHGSkrjfkExDwH3.','hsr3GdeY38iIsQBobufBELSvYIRWxi9ndR5Dh4vClasimUnE0RJeYSQ8t0vS','2017-08-29 01:37:57','2017-08-29 01:40:39'),(59,'Ana Laura Velasco Gutiérrez','alvg97@gmail.com','$2y$10$UNO8zBs3pX1NQc7WKDWVBOdD2AzpO6MWYZCqlE5nGBNjExaiALCPi','MKyKnOMpIbSWyhVoUuqdCA5FiL8ZH7eBulrtiXzWuExTuKRUT8Kp818LvtYr','2017-08-29 01:41:36','2017-08-29 01:43:45'),(60,'Pascual Alonso Pérez Nango','pereznango@gmail.com','$2y$10$W.7K4S6jbynYQ94IHhCKx.8ML0.Bc.eji5mXTFupUeaCJ1mAYs2lG','TYYCrDfhnlNgu1mTP7Em0gPHHkgA4VPTtk2dNeorzmeXM0jhiGRAHb252ZXm','2017-08-29 01:47:26','2017-08-29 01:49:50'),(61,'Jorge Antonio Torres Ramírez','torresjorge@outlook.com','$2y$10$gmWneRkXg1OuXxL2oBwIZOLX.MLLw9kxhKza.w1ln4giIe36ZY68y','eUbjzjxcaLZB6nJuRuGLSGD9U3eaMRIqbt8Fagx1aE0oABU77XMagyXIKe0i','2017-08-29 01:52:45','2017-08-29 01:54:31'),(64,'Cinthya Lourdes Velasco Anzueto','cin.velanz@gmail.com','$2y$10$7dDMMIsYKGoq7ohZq7E2CuCaYsSkVyltanNNJJXXbnT9VZatpKW6y','sW0LdVNcJS9AXDLQEqe975RQs0cciv5mezUgiLCRo1UHtdAsBmnnIIsprsJB','2017-08-29 01:57:16','2017-08-29 01:58:52'),(67,'Francisco Valentin Torres López','valente.torres@gmail.com','$2y$10$DedkZjNuUsDYFuCLzgdGUufcMCNU.jL8mlmqbGq9KvBlTIH3PJemy','1SQjhXKiOvqPhQ2R4edyqPMbmICvKXsAhtOfqNB2Iw5DKL7wB5RHOCLK7KFa','2017-08-29 02:00:29','2017-08-29 02:02:33'),(72,'Jose Antonio Sanchez Alfonso','antonov392@gmail.com','$2y$10$m8W9O6VSm91pfSnaPIu7Zufh7bPTgtzvSI8KIJSJkI2rBa8bwgD4u','zU7f0dCeZ8rlTVVBZdRzHhStW2KTkccQZipRDLZLeQt1I1AmEOHom8HpHxEK','2017-08-29 02:07:24','2017-08-29 02:08:51'),(73,'Galdino Belisario','gbnango@hotmail.com','$2y$10$SdjUWT0iO3TO0JtAOM4qkeF2c6JU0ESyLnQPh7L1PlmmEQ6R6eTfK',NULL,'2017-08-29 02:08:52','2017-08-29 02:08:52'),(74,'Rafael Angel Montes Badillo','daco_angel@hotmail.com','$2y$10$Obm29hcZ55a9AjxOs.m9wOPcz/.DHWzeAWYL9UQBRg7Wr8gCmo0k2','Kilxs6sjupJm1828Gh7Ufzt3YyZDGxBaLSZ0S0wRryUu46VNNaHyrYgdbKgZ','2017-08-29 02:10:32','2017-09-01 02:19:55'),(76,'Eduardo Roblero Jiménez','pchouserj@hotmail.com','$2y$10$sLArupHNTRmDARIMOz8w0ezmTwGMhbPTW8nreMHSvdhHdBwQHy6jS','PE7KhfoeyIJdYIS1iiE0QUMGKuflTxS891MKmsCeE1vAEfMLnitNxrDmPlu9','2017-08-30 10:04:08','2017-08-30 10:07:58'),(77,'Jenny Daniela Borraz Navarro','jenny.borraz@hotmail.com','$2y$10$Q27eNKnK3.ynn.JhF7qkeO.q2mHl3p6MYhVRbQfPezqn/8mz8DQki','sCRWDJ5oKkufInTquLRJJE5rAdXSIZcEcHvmHcMo4WtGjdlXaSN1QE0ugFNc','2017-08-30 10:17:45','2017-08-30 10:19:58'),(78,'Angel Eduardo Morales Coutiño','angel@gnius.club','$2y$10$HiDFPJB2q9eTdySj8oDlWOxB5WKXpIDSSIEzUKRrALPWMM8EIkASe','OMxMLNTidBvJ6QpJQEH8Qk1S3WW18JW00KpEcLfLodwNlGLJMhOOYaD7uAJL','2017-08-30 10:23:02','2017-08-30 10:24:36'),(79,'Adrian Alejandro Alias Alfaro','adrian.alias@ciiti.net','$2y$10$TTNQQjh.4cmzJETrarrIaetVSL6qx5RKUsdJlRZ5annjod8redemO','Cx94Qq42G35sdv1lE3u6udifnc0H9TMOBSqI1YtwQTegYFauOt4EMUsHoqvH','2017-08-30 10:29:03','2017-08-30 10:31:07'),(80,'Edwuard Hernán Cabrera Rodriguez','edwuarcabrera@hotmail.com','$2y$10$2DfySE32vFXSeQkPP6bUTuF4aKRUz3DWAy6SidD5yVbC1pjkv88Fq','icgnu95tGtXc7nDG8fhdMs4JUtIoF4J6FEXAjua5YOBk06KZKN698mzs8rO6','2017-08-30 10:35:46','2017-08-30 10:40:10'),(92,'Gelver Octavio Cuello Cuello','compras@microchip.com.mx','$2y$10$GY.FCMmYXFN2CNi9PpeciOTxwgZ2et0wQhnBi2b1qRCiBojyt.weS','PufNiZCH8DwWP6eV0e7DGqKLgqH0lSGJ44bammZ9N3HSiawTUtAknvfmDWo9','2017-08-30 22:23:52','2017-08-30 22:28:21'),(93,'CANACINTRA','fsi.chiapas@gmail.com','$2y$10$IJu7HoklOvVlKQskwoGcWOZ.R3eXNQC4ba3HUS0.SLtE2Sd9642XS','vNmFLXuwVRzCa5J62EqwVWlxRpNP0QFoYVpjlwvjjkJH6AK7VNtsgiZgBqkz','2017-08-30 23:46:33','2017-08-30 23:48:30'),(94,'CANACO','presindente.conaco@outlook.com','$2y$10$QPHqPyfEnqmywOoch3UPYuOZTmEdbJZp0uWCJPq3lYtmsT8AMCsA.','eru4ICwLc38Wj3zxJpsqzzq7XWJRuuWfyWTr7Wh9cB1MRJHoWyUl40km8k41','2017-08-30 23:50:17','2017-08-30 23:50:28'),(95,'Bit Zero S.A.','rparedes@bitzero.mx','$2y$10$K0Sdu.5RA3hnKwjsIpX7wO41aGDZaS2Qujv.3hZ4sqXo7D9WttQi6','sWwgh7tbAZjm1SoW785rcOPJFqSvv43rqIMVAtD8QLHPHgdfl055gzKA80qo','2017-08-30 23:53:38','2017-09-12 06:23:01'),(96,'Cerveceria Mactezuma Fanquicia Chiapas','antonio.escobar@cuanoc.com','$2y$10$TEyvJs7uuQQyrVzTlEkLy.aQucIXQ.ylHQzXbD66EnUScipcvmpi.','2kgrA5Kkvl37tcTXVrIZRcHddEyyGXnokHFTlhNV6syRWwwJU77LIRMdObRp','2017-08-30 23:58:29','2017-08-30 23:58:36'),(97,'Soluciones en tecnologia','jalotr@hotmail.com','$2y$10$.0K31KwxdYWp.dhhzcdrEeBLwPojticsPWCRvn1foeLSNJmOq28jK','MI3bli0tqxRc6V4srlntmunRaF2kUKwOxX6hyK1CkS0gnHThLehIz1DToyAB','2017-08-31 00:21:05','2018-05-05 14:55:12'),(98,'UNACH Coordinador académico Ing. en sistemas computacionales ','itsantos@unach.com.mx','$2y$10$gCTgHV4nVRYe1drUjgseguF9lw/fF5fmqvNvnTytu3gP5R3JCfgOC','T94g95RXXot9QSZbmHQMBDXgnb1INFsJnm6ly6zpybuMqj8gtU4bfrJUrFjC','2017-08-31 00:25:21','2017-08-31 00:25:34'),(99,'Hibridas','mdilian_mosd@hotmail.com','$2y$10$QxuPNOTu6AaWXPT62IgrG.S88Q7Zy1R6hJjgrkpzh8cdFEdaHpJQ6','XeTtzal03dk0w8fNm7hv1INggfPbKzJhu4W01RcMGLeYP6HlKrYnLa3AuYCw','2017-08-31 00:40:37','2017-08-31 00:41:19'),(100,'Comencializadora Part','loranarojas@mexicoled.com','$2y$10$vvTbwRc89a1mqw3Na50FYe9QMlYKi9ADounjctgG3Mxxrbaqfzj7K','7fgarWM6gRMmKqxeFU6wY9aq4APQiCrdy4iZeFHZ3F0Ug7ubv0OnGIjEnCLY','2017-08-31 00:48:32','2017-08-31 00:48:38'),(101,'SECRETARIA DE SALUD DEL EDO. DE CHIAPAS','nugasoft@gmail.com','$2y$10$WYMnHI7RRApx9shD5ZbRM.fVP7Wo6ymtpOpayACadm0leUaJr5klq','atEGFwiOaw5XYkggLKzSFlbt8EXLOoEg6ByzLRHie3yhuLP5umnYppx03xsM','2017-08-31 00:53:05','2017-08-31 00:53:13'),(102,'Universidad Pablo Guardado Chavez','aaoa@hotmail.com','$2y$10$zeSlsa62gsyHVCrL8dTIKuSztyZeph8CfuzBrLHLjPdzicztlqoxO','hgHj1dN5sOIJjpnhK8iZwPTZnMZZprYxvcmlBeQKvxpIKghPkyZ3kLsfznX9','2017-08-31 00:57:06','2017-08-31 00:57:16'),(103,'Desarrollo social y Educativo Municipal Tuxtla Gutiérrez','Roger.cacerez@tuxtla.gob.mx','$2y$10$AvJkc.IVd4t0m.ebRUvEHe5S2QIEOPEYiS2n2hCUvYMSZZaraA7CK','VqiAuZOZ6RCQTn2NroSIzgdk1OKwKyZgNoynVrGdBWsRihcyk0DNlyUmwLF2','2017-08-31 01:00:52','2017-08-31 01:01:00'),(104,'Secretaria de Protección Civil del Estado de Chiapas','mflores@gmail.com','$2y$10$0WrfnsQuyVAhmVY5.mW7cO1jRi/HMtPS.BagIZLnQirlSwOi/w34K','5HGp1p2SBuDAMPY6kiHeU2ROLG7rV0TUEthB0Ps6zfeaPLvVVEdP0Jvpg9Ui','2017-08-31 01:03:39','2017-09-05 05:53:08'),(105,'Secretaria de Turismo','rodolfo.yanez@gmail.com','$2y$10$eEa5lT27m5OO8KsQ1Cxvu.4ymIbMz00PQ8C16UCrdb3Kr2ERdWsvq','8vNz9kuT6x2MDoVsnIW1GA4F1h0ZvTwcvQsvMTzS4Y9BgVDI7qyVZ1ThJ5IA','2017-08-31 01:05:48','2017-12-11 21:43:42'),(107,'Dulce Berenice López Vázquez','lv_berenice@outlook.es','$2y$10$aMcYbJJqxUcZ/Sp4ZpgYu.4K9tUqk/bcpFrYasXh/bK.qIOKloei2','oJ1R5gBUn6NeiXGTFIWdFnsKFnMxr6KtcHYasaJE4ZcxtnyBwebDY5bKpH5G','2017-09-01 00:41:30','2017-09-06 01:57:45'),(108,'Carlos Alexis Ortiz Camas','otz_carlos@outlook.com','$2y$10$pvKGKsizSjmuwmtBVUyZrOg2lhK4txCN/DjhrdqNmDJZ0gessIc..','dNE6GYBpwX5zwNU2ao2HSZmutOBRlWi0VPGVI7FIfgWehhxgmFhu7o1wXVDL','2017-09-01 00:46:35','2017-09-05 09:12:16'),(111,'Angel Eduardo Morales Coutiño','ing.angel.morales@gmail.com','$2y$10$IgPdApWUza13PzqFn1Xh8Ot5wePb8ZdMUHzhocZ6zYfpA3bzLut26',NULL,'2017-09-01 01:50:11','2017-09-01 01:50:11'),(118,'Amairani Poulette Gómez Aragón','ami_poulette19@hotmail.es','$2y$10$6E40Ph6JdUyCSgHJQP.tNOZYlsNk0Qfr6xy.4mtPh5LOCDcgUm4UC','iC5fSLRXwAOYfgUqam7jkIUi1YT0XmJOYN7jx8mrKpspiepTooPwbDAU9hC5','2017-09-05 00:13:18','2017-09-05 00:16:25'),(119,'Luis Ángel  Nataren López','angel21091993@gmail.com','$2y$10$5fEN7e5brGzsEopPgrxI9OfvELHDdFnE16D7yFKeFmZoFKEeMUw7u','9c5ikXDX9FiwNw2Qk8d7BAt07z1wf8nJexvSq2hmLcNzHE5VRHGnGTOZkpPD','2017-09-05 02:32:32','2017-09-05 08:18:48'),(120,'José Alexis Chávez Galeas','alexis.galeas93@gmail.com','$2y$10$xADuuT3dVGubqDUw.1apn.x5MkrVBScJpZpaf7T6Z7y9zUs3Hrkr2',NULL,'2017-09-05 02:49:03','2017-09-05 02:49:03'),(121,'Aldrin  Velazquez Solis ','aldrin.vel.sol@hotmail.com','$2y$10$oeL5xXJxinwa1AYZIz6./O.Y.TbzxGUsLjuTqbVpIr5B4tRhq.qG.','Pvdd8FSci5FpebQd24EFMt01NRz6u8U0hGXp9jEchRv4I04h4LKDCuocPPAn','2017-09-05 07:38:43','2017-09-05 07:42:22'),(122,'Ediberto Arcos Sanchez','arcos_sistemas@hotmail.com','$2y$10$W1s0GmpB.YzSQEhLXRH.8.d3FoG3DD7i3vYCMn2n0xSlRRcwumvqi','jJn8FwAm2W1BnPEEo771VhQgkdIvOwz3rI1OQZX2z43IviQw7d9noOwI7NTC','2017-09-05 07:52:34','2017-09-05 07:59:33'),(123,'Jessica Rincón Trujillo','JESSSSY_1993@HOTMAIL.COM','$2y$10$8H61hV0LESJsbkDgUwWhruPnDmGCYk2R3v5v1KTRiExgZ7dDwG5EO',NULL,'2017-09-05 08:44:09','2017-09-05 08:44:09'),(124,'Daniel Alejandro Mérida Guzmán','danimerida07@gmail.com','$2y$10$4don6rjBUsQ0WRjxXXDIjOJOPkFUnJeB/VXQwREzOuyZ4BK0JmOUi',NULL,'2017-09-05 11:40:40','2017-09-05 11:40:40'),(125,'Aida Guillermina ','acossio_m@yahoo.com.mx','$2y$10$h..b9LEbUfGICRQRxyCzR.vIiOHyg5WWWHY/KSc5nQzkXyMdBhGjm',NULL,'2017-09-05 19:28:59','2017-09-05 19:28:59'),(126,'Octavio','oriost@ittg.edu.mx','$2y$10$gNuW4fc1S6M/HZlILotQleCGFXfLFIzhPfrBuP4zRlhPcaMvOnWrW',NULL,'2017-09-05 19:30:05','2017-09-05 19:30:05'),(127,'Jorge Octavio','jguzman@ittg.edu.mx','$2y$10$GZzAVJ7pH7J1DPiFNeT.7.FZ1nInQD.1al0QSJ/NzdrYitQbX2Dmm',NULL,'2017-09-05 19:32:16','2017-09-05 19:32:16'),(128,'Walter','waltertorres@elgrupo.mx','$2y$10$0Wl8JNTb6pr9e/Boxqiy1.1BqIrzaBV3sk0wKx.AgjIv7zV.pU6e2',NULL,'2017-09-05 19:33:46','2017-09-05 19:33:46'),(129,'Jesús Carlos','jesuscarlo@ittg.edu.mx','$2y$10$Mdb7Qp7YSL.xbHB0S/mAh.hrkDalvEAsKEqtfuUabqybdxFOQq2Ni',NULL,'2017-09-05 19:35:43','2017-09-05 19:35:43'),(130,'Miguel Arturo','mvazquez@ittg.edu.mx','$2y$10$WyUjCWNmJxkgUrdse4h30uaRsWexFtqvRJAbqaePuqKlJALIvwbN6',NULL,'2017-09-05 19:37:23','2017-09-05 19:37:23'),(131,'María Delina','mdculebro@gmail.com','$2y$10$47IuH5L5orTUalDq.h351OfrEFKijTSoswiODHr66dlb3LLLhYTTa',NULL,'2017-09-05 19:38:36','2017-09-05 19:38:36'),(132,'Madaín ','madperez@hotmail.com','$2y$10$z36.mY/95sKmn6aqqTtNce.wr8gbc9TYC3E6uwuk.gP93dq.pK1zW',NULL,'2017-09-05 19:39:34','2017-09-05 19:39:34'),(133,'María Candelaria','maguts09@gmail.com','$2y$10$Z/SPVs7LftoTHj.KfZmfIuvB/qhUGFHB0ZUfBtKk73UAAAKtAREVy',NULL,'2017-09-05 19:41:31','2017-09-05 19:41:31'),(134,'María Guadalupe','mgmonjaras@hotmail.com','$2y$10$b3o0h6MKPy71e8JIqJOw1eeJnjo2YDdYbMmuRR8T5QhL.1QYHHCAe',NULL,'2017-09-05 19:44:06','2017-09-05 19:44:06'),(135,'Ciclalli ','mticiclalli07@gmail.com','$2y$10$e8nPPl9VkohvA9LsH.q8Ie/J91YWOP4Z4epi6VG/Fxu2smPDtuoD6',NULL,'2017-09-05 19:45:50','2017-09-05 19:45:50'),(136,'Jorge William','jwfigueroa@gmail.com','$2y$10$S6RvO/vLFsqJxyW2qg1tUO.v3eXqf9TMzWEMktXdRfgIuSrhdlDQe',NULL,'2017-09-05 19:47:14','2017-09-05 19:47:14'),(137,'Raúl','ingrparedes@yahoo.com.mx','$2y$10$fxLcTRXz2g1iITzro3ESEuh65ZrdjAd0EntQ3MllroPtcu.6FNhWG','XAnDBdqN1s5Ose7QbyhzdsGBJe60HmreaVUy14hNyXyA2ug71jwHAXAeMfXv','2017-09-05 19:48:31','2017-09-13 22:51:22'),(138,'Néstor Antonio','nstrmorales@gmail.com','$2y$10$.EP57aBv9QkwO665z3U99e5c/CtkaF1DkafkS9FbiZhLoKgFxjz7m',NULL,'2017-09-05 19:51:09','2017-09-05 19:51:09'),(139,'Jorge','jruizovalle@hotmail.com','$2y$10$fVgxmemf1My3H1pDKcPYoOUxxOZ7Vof60S0qWK91dlPwyojSG6qba','OWAL1db8QAIZHo8gPoHXjDXeNO1p7MmPcP20tMDrFkzHpyG10BGqMRClcwVE','2017-09-05 19:52:03','2017-09-06 04:00:53'),(140,'Daniel','riosgd@hotmail.com','$2y$10$zZECTm.HtB6f.JWwh54yuuU6paElqD3SVRPQrypsDEJu/UVGKVFvO',NULL,'2017-09-05 19:53:16','2017-09-05 19:53:16'),(141,'Imelda ','imevalles@yahoo.com.mx','$2y$10$wUGaOvEG4.wxfq0CBDQ0/uF5Q8Oe/d8SYOanjstSTSoC81iBdCiNK',NULL,'2017-09-05 19:54:24','2017-09-05 19:54:24'),(142,'Francisco  de Jesús','chontaes@hotmail.com','$2y$10$Zw9IS/eCUpyDJXGHFDjxz.SL1.MJWoisinqwoiuSJ9bikeRTAo8Ku',NULL,'2017-09-05 19:55:46','2017-09-05 19:55:46'),(143,'Héctor','hgcrespo@hotmail.com','$2y$10$xsb0lvTMP.Aqs1XHO9OXBucyEvhROWgsFe8Pzqcy5l2vTeZDvFSba',NULL,'2017-09-05 19:56:21','2017-09-05 19:56:21'),(144,'Rosy Ilda','rbasave@ittg.edu.mx','$2y$10$NHhZdzopCikwfrS2CtNLIO8ZDmHR4qLY/TxiWJ.xPptJHu0JaW60W',NULL,'2017-09-05 19:57:22','2017-09-05 19:57:22'),(145,'Alicia','agonzalezl@ittg.edu.mx','$2y$10$xWNYDtj0cvbC7otCNP0zj.yrG3OdhQMX6NySK9bZYbPGfA8Tb5rJW',NULL,'2017-09-05 19:58:29','2017-09-05 19:58:29'),(146,'Joshio García Mancilla','joshio_garcia@hotmail.com','$2y$10$uFL/fHOYYHQ5uek43WxqPusaavmE4ngMPL1e3PpqqaaqpBa7ZVmQ.','DFFzOZkbNJ8cMAH2vehfInKepbEKW3hEg69UDzcjd30PnkD2IvLIoXbT8TUA','2017-09-05 21:15:11','2017-09-05 21:18:13'),(147,'AIMER ALBERTO SIMON SIGARROA','AIMER.SIMON.SIGARROA@HOTMAIL.COM','$2y$10$48UWCvaLuPNr6p1TzdptVODu08dyFlHodEZ7UFlJEZx5uMi0824Wi',NULL,'2017-09-05 22:45:34','2017-09-05 22:45:34'),(149,'Francisco Javier Reyes Hernández','panchitoxp@hotmail.com','$2y$10$8Kioyc.OTT9wXZKjCGdenesHHbBtlmvQpxWceNTvEbhA07ws0r7zm','621SiUJPeYSa51iSDkyxkyXf7v8cr9NfsaHx2v8wxZxA6vG1cnX7W1GNgLSt','2017-09-05 23:53:21','2017-09-06 00:01:01'),(150,'Comercializadora Fotografica de Chiapas S.A. de C.V.','ricardomartin_64@hotmail.com','$2y$10$iwDHtHxe8JUH4sR.Soe1LOrIO35bsU7QQi9rxXHiABIV2g/thJliu','BFeXrXqOB38jXkY9NoQ3EyJxHamAWvR2GBiwTtcuP3Kt3PynUW35x2hQwcFi','2017-09-05 23:53:44','2017-09-05 23:53:50'),(151,'Comercializadora Farmaceutica y Hospitalaria AMITAI S.A. de C.V.','grojas@difasa.com.mx','$2y$10$SdXP8oSxmzVIu52/OLlRIOgbWy8FWUj7X6nG7lose5V8t2.VsLrKy','t7VyKa4amuWtJ6rSp2kGJLR6XyiRyU6ZkXBGzV6hLrSQnfZjuTOZ39TIBBy5','2017-09-05 23:57:52','2017-09-05 23:57:59'),(152,'Comercializadora y suministros mercantiles MAYA S.A. de C.V.','mil.ise@outlook.com','$2y$10$vxE2HEygTX4Cd8LM7mQ0CeYpuDqW.ARkkMcVtljmA1nUACstqihAe','97V0Qdr0QvP1XQPotbNdlLJOIYFhNeE7xiDPyP0xcuLLWYBjLWKHDe1FDTKQ','2017-09-05 23:59:53','2017-09-05 23:59:57'),(153,'Textiles Comunicaciones y Seguridaad S.A. de C.V.','texcomdechiapas@hotmail.com','$2y$10$/nNTgYfEokq08OT38gzS/e5cB/CNqxsKCaORD6MkBtrXkPU5LvcFO','8QsaAz94EOiqXiUAMMIrBMrbPF5E4qg1hSGMjWdJPcAGUzBghmet5bQaSopy','2017-09-06 00:05:07','2017-09-06 00:05:15'),(154,'Azael Espinosa Sanchez','azael_1412@hotmail.com','$2y$10$YntVnePBFAb6huUyFt2K9u33EPwOkdFjAvFIbQUTifAJRrZD76jca','IDQFVmF953h1uZKWXuFpA4iFLyg07Tv61CIm7MxmJz4KEcgbahHfOHVVsX2I','2017-09-06 00:07:42','2017-09-06 00:10:10'),(155,'Hoteles Ruby S.A. de C.V.','grupo_empresasme@outlook.es','$2y$10$Eqmup.uEvPYSgYTlU4oqe.t4Ndm0eT4fo6f/TCiL.UKDMHPNs9kJ2','LNPhs0327Wcir9vkv94eOTIFVKQOoZNKQaIcalaK1DpFlCSlbd0GUftORtNE','2017-09-06 00:08:38','2017-09-06 00:09:05'),(156,'Servicios Especializados para la Construcción CASBEC S.A. de C.V.','construcciones.casbec2@gmail.com','$2y$10$0tGmXYbkNRblj.8jboZYp.ys9mKPR2GizACx5vaYyt7LjRl9MK.3e','g3Va15wQrA2ivGfcxSrcgyKXQ330lHWrsmaAt4luJUD7BLn96M8tBX38qa8Y','2017-09-06 00:12:08','2017-09-06 00:13:10'),(157,'José Daniel Fragoso Gómez','ing.fragoso94@gmail.com','$2y$10$NJwtSMdz9clDd70.OsE7EeMvwfKn0.oi3AgWbZVn354Sd6.IcqWhe','sPHIsILBZY3VzQqHzcUyIJW2quMCVGCYHZ7NxHp8jeBBHRw8zNU2w6aotdMc','2017-09-06 00:12:19','2017-09-06 00:25:33'),(158,'Ingenieros Civiles  Gutierrez y Avila S.A. de C.V.','azulmiracielo@hotmail.com','$2y$10$XGdqHA0AzSHLBSIKYrT6TOk5VOtpljBCRG2cUooTA8C.rydc3EcKu','jTkdf6KdzG3isZNHKh3Xbeka2z0zRLpyhLeRmrY0lhNaB9bJPJR4iuuk0gST','2017-09-06 00:16:22','2017-09-06 00:16:47'),(159,'Consultoria Técnica Avanzada S.A. de C.V.','cota@cotaconsultores.com.mx','$2y$10$RCruagwtX4P/AcUiyWRNguYFUlzBVPNOaCQBz0movnkdwgrJ2eTIG','EsBZOMIQtVxWvsXk2cCZRb4jXUr5qf2ZQ0xwyTXCQArszKYSys5WmDy1KzAs','2017-09-06 00:20:15','2017-09-06 00:20:21'),(160,'Jonatan Palacios Camacho','jonatanpalaciosiitg@hotmail.com','$2y$10$h8uf0F2hKHZBraMMzcBNyuUT3uVkR28uSdfwb3XUdp1EdE6aP.vc.','A3YAZjnJZbUTJnTG7gj34qS7WyewWvg0iQWb5e6oJxTeBqNTjElWGrSdlUm2','2017-09-06 00:22:08','2017-09-06 00:25:14'),(161,'GIB INDUSTRIES S.A. DE C.V.','ambardechiapas@live.com','$2y$10$BLWcIuzJfOnE7Fd30YnIjOx9Y/lWybOZlyGP3uXvEUNtiN9R82IFS','9xVOzqgdatwuAxzwcbkqSuUmWIpVJw9ZCKRo8z7ktVZezGY7tYBzWZNGHO9e','2017-09-06 00:23:04','2017-09-06 00:25:11'),(162,'COMERIAL IAC S.A. DE C.V.','t-087@vertiche.com.mx','$2y$10$UspY3tORTZzXLaoMfesbs.jZjHNsAJJoiNpEW3tdhAFt39OvCc6BO','DYhFmivQjB56855eBdxT2DZhKLFW9L19QoD51kFVmaJpxqzXGmZb1aOPdAkp','2017-09-06 00:27:20','2017-09-06 01:52:08'),(163,'COMERCIAL PATROL S.A. DE C.V.','yesegu_cg@hotmail.com','$2y$10$3.8pUffl7JNKb4/alUA1Pu.7hQ9q1tX8Hv4k7Nvy6d9OjtTYIZ5ey','0AOoniqFtE3Q9cQWCfblaOIJh1cbE0tyJSPqF7FOjF7x7BcwmgQEAB8YFNIA','2017-09-06 00:35:16','2017-09-06 00:35:40'),(164,'Proyectos de Ingenieria OAC, S.A. de C.V.','jorgetuxtla1@hotmail.com','$2y$10$nECW4kG6zFmSlb6u6GcOR.xx5vD/7owvTv3q9eb3mwImfgb/0Rgsi','iheRRyAidGOtFBLZ6nDGbDIOYFjFkXzUBXnyynPaxZnvCNzOgJXtOIf8bWrb','2017-09-06 00:43:16','2017-09-06 00:43:52'),(165,'Carmen Guadalupe Suárez Hernández','srzhdezcarmen@gmail.com','$2y$10$PeWYBeyxRhJHQYBN3YJ0ieZTgjHslkamWa/c0/vmWTVZxsyvPNPMO','w4OByJ9eWF6FT55Y6KFGzSC6ZIoIywym8xZL9prKYVON5fHG7Vf2DCuPk1Iu','2017-09-06 00:43:43','2017-09-06 00:44:41'),(166,'Balum Canan Hotel y Restaurante S.A. de C.V.','hbcanan_crios@prodigy.net.mx','$2y$10$piWnxux40uqb4TlAnRLt5e/7JZ105hFTfTR4UO.FyJQ7bocVdiD5W','t36A6vj30QshVTJ1WNgLzYLD0fVhyTNMCJHl4mg3AJjXwYkFn87irVnusp68','2017-09-06 00:48:12','2017-09-06 00:49:05'),(167,'Computer delfines S.A. de C.V. ','jadg17@hotmail.com','$2y$10$WteBtZkj3osgsq5Ze6rA4OPXPGk9743eongrIWW1Tpv0NqPq8TjPK','8xe5XUvzm5EiDMupMTtkW2YLRSTssXfmJd0TPVmbgbqRZ4iyvIQNGwRDboXl','2017-09-06 00:53:41','2017-09-06 00:53:57'),(168,'Comercialización y Construcción Especializada del Suureste S.A. de C.V.','carloslopez@hotmail.com','$2y$10$CHy9RKmYsf9ijcoxOHTqnOHImlZbsP8VT4tAe3S5QYVjC.VwTX5Ny','g2jBX8O0ETqGwZTPVv5bfdvOcY3bJULTotWkVl0hj7dxiMbudtE1n5FaT2aL','2017-09-06 00:58:34','2017-09-06 00:58:41'),(169,'Inmobiliaria y Servicios de Costeo S.A. de C.V','fussion.3@hotmail.com','$2y$10$3qO9t7yqgtG4BJYKVkmgVe.pgXatueQM6/LIN/ig.5C8SNBwgEe6y','8U03YCFuZQ9ICNqFDKik6hfMJLTRzg9qMoHMThBaWfpduCOE6ka67slKyuj7','2017-09-06 01:04:11','2017-09-06 01:04:19'),(170,'Comercializadora y Construciones ZUMA','zuma_construcciones@hotmail.com','$2y$10$YNuy.ntLBy3uRBhRniBU.ek91mHhubf1/gsgaX6HFtZvLr2bcYovy','ibBSvc8skBNxOc1P6HKWuYspvSTk5WPcQNt3ighFOyfrHDKnkxGWCYld70eV','2017-09-06 01:06:27','2017-09-06 01:06:33'),(171,'Ing. y Proyectistas del Sur S.A. de C.V.','proyectisur@gmail.com','$2y$10$4SDME4NJa85OIfrGWwCxm.kAuo.f6P6exuWhUS.oNAx68es6RmlvC','e2JZxokW4UDd38EpxEH1EMJpcjLO6WBBdQg5NpwZt9TkkMbgWEeTXUsqLqD3','2017-09-06 01:11:25','2017-09-06 01:11:30'),(172,'INFRAMEX Y DIVISIÓN INTEGRAL DE INGENIERIA S.A. DE C.V.','inframex@outlook.com','$2y$10$dcMjEaMUaWvj5g7h6ZJIM.M5o0hHLqJejEntawk.0Pd5JO9B2V6Kq','cXytyx5auU42ZpRGx0n1fb2UM4PP2bHi5ZVvGeV3vqC2Z4C0N8BjW65VlScq','2017-09-06 01:14:45','2017-09-06 01:14:54'),(173,'Servicios Hoteleros y Alimentarios RYSI S.A. de C.V.','cojuemcarmela@hotmail.com','$2y$10$V2euJfXaHxTdbMbxwzhNkOPgkiaQ9MitWGQYcsMp2DgH1QSaAAtVe','mbgl6uO4fsqCJ645F9QbnKS0ELHH5za0MX2VZQY8pf2AifoXRVHe1QExZfEg','2017-09-06 01:18:27','2017-09-06 01:19:48'),(174,'Impulso en Comunicación de Imagen S.A. de C.V.','cesarperez_bolancos@outlook.com','$2y$10$xb.ifZsBpYKkyKL0MEh6HecpRG15HWVcy2/PpBmXQ8tmuOSA40K6a','B8u9sumyeFjlvSuJaIp13HrrGuXj1tnU6Tanc3Pl6jPFezYbkK4GkPNFCtu5','2017-09-06 01:23:02','2017-09-06 01:24:03'),(175,'Servicios Industriales y Proyectos de México SERIMEX S.A. de C.v.','scnconsultoresnacionales@gmail.com','$2y$10$JqdqFunLec5n36WHbpURFOSayvs/Pa1lcI7yYJ17xbS3R6d807fOC','G2qUzbn9llUGoiZjxUYeGC0IEZpcO7W6S8QS1VbqyvvmfhzQ52W132wBiVwl','2017-09-06 01:26:59','2017-09-06 01:27:28'),(176,'GORSA OBRAS CIVILES S.A. DE C.V.','juanflores@gorsaoc.com','$2y$10$0siFar4jO/gcbeSHaUnhNOoi9XRdaCHBLeIFUDgMRaP1MgZsl5306','CeNprs2e4ZzuKNXSs2B5LifvTL3TPiItKRdkkazt0kuWDSVerwPRox9r85gd','2017-09-06 01:29:47','2017-09-06 01:29:51'),(177,'Grupo Integrador TOVILLA S.A. de C.V.','grupo.tovilla@gmail.com','$2y$10$3reANVXcqtHC.ASHc6uYOuc4F4y5aHzMOrCqXBrwDcWYFoLoji9su','Xeqs6caG9jNWxqEMJVTbccujho7agl2yUtHXZ924uyA2ZS1klZlO64Xs4k0G','2017-09-06 01:31:58','2017-09-06 01:33:18'),(178,'Grupo Sonar del Sureste S.A. de C.V','bathim@gmail.com','$2y$10$Etp/ygZDPjeK3C7yDxiALOOLx3QcZ8d.5yJQ1GRW5Y2srii29oMeW','OzPSI9CSPeRVNJvu2aiiF2nyYbjqlD4qwN1b4VJ05Kg4jS5f68mkb3mT8HlE','2017-09-06 01:35:50','2017-09-06 01:36:17'),(179,'LA VENTA CONSTRUCCIONES S.A. DE C.V.','laventa_construcciones@hotmail.com','$2y$10$gBNiBGYighJkcB9DYFPjzu1lG7fzX5w76b3Tu9eQ02oyuyb3YA9o2','Q1LtkQuR8u18fCaBoGMamu2KDPofNLwOrk51aC5p9DqMBc0jjGV40eFPadsH','2017-09-06 01:38:44','2017-09-06 01:38:50'),(180,'URBINA ELECTRONICOS S.A. DE C.V.','administracion.digishop@ursanegocios.mx','$2y$10$f9UBHotvaF.5jerIR6/8muja7R0Gw2SZeKSVSG9xZZLV44U36qj3y','poyBzqDPctcFA4se9zDAfK9wHH59AzIj0kuJItSylKkOVTBhUgqqsHuvF0il','2017-09-06 01:42:00','2017-09-06 01:42:10'),(181,'Paola Yamilit Lopez Espinoza','ropyla_pyle@hotmail.com','$2y$10$ahKy6XlEOETE6qpHR5B4k.wfzCq4X4agFJZi02ZVTNdnyIIkXxGMW',NULL,'2017-09-06 07:37:56','2017-09-06 07:37:56'),(182,'Dulce Maria  Hernandez Rodriguez','dmhr_5774@hotmail.com','$2y$10$hFH9WCs/QkfdwoXUYfZanusz2YqCAxdG1dknMs0Miiz3Z5DwlT47G',NULL,'2017-09-06 07:48:55','2017-09-06 07:48:55'),(183,'Carlos Alexis','otz_mariajose@outlook.es','$2y$10$Gd8tG2Mah5L8ylqA2SgEy.HnJArQcuH6RiSOzO8YB3zUC3N7T7DJ.','sz0lsae1ZZ7QuTmXOmwZbQKKZmSb7yY4Fv70ghPNVG7Ab6c2HfF7FzlNhzqd','2017-09-06 08:35:02','2017-09-06 08:49:13'),(184,'Milagros Roquiz Fonseca','ing.milagros.roquiz@gmail.com','$2y$10$D1dVcr7XjmgcIkS2uRRSHeTlAxmMREUkNlb507NEox4ILEQRulsfe',NULL,'2017-09-06 10:59:20','2017-09-06 10:59:20'),(185,'javier alberto ayala salazar javier ayala','ayala.4@hotmail.com','$2y$10$jp23fb2oIcZdrMrLklgzJOuH2g5q3vRH9twGw.ITrUaGml0sH6PM.','JHIAP01nmJeNNfieCH96BcoSwDR9QPC6R9h7i2JvEfYGi6zGFfHjP3X7V2In','2017-09-07 08:33:46','2017-09-07 08:37:55'),(186,'Jorge Candelario  Montúfar Solórzano','jorgemontu21@gmail.com','$2y$10$q7AY2pcBu/CiZi7bHxP0HOSA9X2bVO3RP1LUxhhjzSCEfXXvS8P0.','ez3CEU0QRu9rTBUr8VgszMAOo5aIjZk2b1loD2hJLEC0QVLDFyn9x9HzOnvG','2017-09-07 10:03:47','2017-09-07 10:10:47'),(187,'Darinel Rodríguez Álvarez ','darinel857@hotmail.com','$2y$10$pBkWvBL6E9KC813KQjUogu7won3RK.0MFap/x/MRnlyf.QFg3qTyK',NULL,'2017-09-07 11:09:28','2017-09-07 11:09:28'),(188,'MARTIN CECILIO OVANDO HERNANDEZ','martincoh93@gmail.com','$2y$10$RdQ9THL.UAclhvPKaUqtmOoKTp7ML9wop01HuKRbvdutff8sfOiaW',NULL,'2017-09-08 03:26:19','2017-09-08 03:26:19'),(189,'Mairani  Salas Sanchez','manch-96@hotmail.com','$2y$10$8Vm5CM1l4quc0bPyhneWk.GN7i5LWCIXH.5sfqt/qdku3L5Ftrc12',NULL,'2017-09-08 04:31:32','2017-09-08 04:31:32'),(190,'Juan Carlos Marroquín Juárez','juka1994@hotmail.com','$2y$10$fSFopPFnfyksQ8MtmvDO4OBCHqa7IKV4HzDWzOKAkj3OLMV1cebsO','oTZ7uFaHuIzjYHPuAQrcB2o3w2HNyFod1FbvawI3WH4rwvqJ4ijts84ObqDB','2017-09-09 03:02:08','2017-09-12 23:40:11'),(191,'Juan Antonio  Gutiérrez Pineda','coda_2606@hotmail.com','$2y$10$7laRu1Kn64FK2/m/A/bPeudhfdHFMiziyEqmWFHhsaUZdLLc.nhAG','BFfhc80Fi578Khko9mUXsCBhBN9LouyEPYOknrgMLp0X71VafkrNygYzoREn','2017-09-12 00:19:34','2017-09-12 00:23:06'),(192,'Roselin Pérez Espinosa','roselin1011@live.com','$2y$10$b7CU.YY7AsQ5S.zCFiV3RuvpXHn/OuEUeWhunP6xh/7vqw4bmgIg6','9oiIZzu8MEuT0xui4rjTPLs67Ymme5sAmCksPuYZOAkT8TKuMS1JyZDoU8iB','2017-09-13 06:35:27','2017-09-13 06:42:38'),(193,'Abraham  Moreno Dominguez','abran_more@hotmail.com','$2y$10$0hxqOc6SZUzu7z3t5dnIRe7kmHIvu5nqzdcIQiwqQkZlikNXj.SSC',NULL,'2017-09-18 20:41:54','2017-09-18 20:41:54'),(194,'Pedro Ángel  Pérez Solís','p.ang@outlook.es','$2y$10$UgvfKLOeyOOesdPwNjI6/OAXDGqjrwWkujmauceiUudxrQK9Bhvji',NULL,'2017-09-20 04:10:08','2017-09-20 04:10:08'),(195,'Javier  Hidalgo Díaz','jaavierhd@icloud.com','$2y$10$MmPtjp/SZMiSsYPU4ppxOe/kY6BTKKA4D7GC58/GxZ4xdG/wEpe7S',NULL,'2017-09-20 04:26:25','2017-09-20 04:26:25'),(196,'MAELY GUADALUPE  JOSE CHAMPO','jotwoman_ochoa@hotmail.com','$2y$10$irWvPr0uBaEgaQoQ0SqcUeGOmvhod34WBpNnC4T9Aplol7ZXeAlvW',NULL,'2017-09-21 08:52:06','2017-09-21 08:52:06'),(197,'Jonathan Tadeo Gómez Gutiérrez','tadeogutz@hotmail.com','$2y$10$1GXOi6DvKnzUocFC9ZgmOeroSLM4HLnVqN3b4oAcarX6VHA/9Wbye',NULL,'2017-09-26 02:32:41','2017-09-26 02:32:41'),(198,'Zeuz de Jesus Sánchez Lira','ZeuzSanLir@Outlook.com','$2y$10$aBvt8EcpI8b2rI9fK04G6uybnpEfCVFpeJ6HWOVddZEjLafSXGvce','jKdFAYhEAqDV11emurRbZgINLnRC6sN6pVrfiiTldRtCNbPmCgw4QPNEskws','2017-09-28 23:41:16','2017-09-28 23:51:37'),(199,'Cinthya Lourdes Velasco Anzueto','cin_velanz@hotmail.com','$2y$10$ToLmIRKXJUJ1Nf6n1pbKSeYkbsGBd/R2izbhwXfJ0MRGkLXObMVf2',NULL,'2017-10-04 03:14:22','2017-10-04 03:14:22'),(200,'José Guadalupe  Díaz Hernández','jc.diaz.asg@gmail.com','$2y$10$j3h8REo6m2hiucOhRjD0A.cIBtEF1uJebEH1VefyuRnPsBqyT1ioa',NULL,'2017-10-04 10:25:30','2017-10-04 10:25:30'),(202,'LUIS ANTONIO  CULEBRO','luisculebroisc@gmail.com','$2y$10$CZ3eqr/JUjMn6KmGr0ADsO/qzWpJEOVWsGiIfCrQt4MtuZGl9Q3Ua',NULL,'2017-10-25 04:46:54','2017-10-25 04:46:54'),(203,'Carlos Alexis Tapia Montiel','ccatmtapia@gmail.com','$2y$10$SpI.thxPQ7r6e85DukxA8O9k9SkMtPal7MCbmEUiO2.LT2ACDyKje','LtfRlpqxkbCoiVsBN5N0HXypEeSsdHuWfAUShj5m1GmkRITqIffjBe6CAD6F','2017-11-02 22:16:53','2018-01-24 22:39:51'),(204,'prueba','p@gmail.com','$2y$10$Mru/2Puo.4y/CUnJfCGL5umYTOu1cwci0MYuMQTGmsLs62MAenOeG','l745o6jnoDia7fT1Kk4pIBl1MsRtzicawQxAVAZCPxUp6OApcJS2eoR3AhB2','2017-11-06 07:50:37','2018-01-16 23:56:29'),(205,'Instituto de Salud ','elesbanhiram@hotmail.com','$2y$10$U11CUvFfRNzUCMl/OC2exeFzJszyFFLltO../IxiXsORM6THLeO/e','ZJuhnGAY6t403M9XGZGl9MuTWW4ADqrqEnKVobyf9XnrSddMiRnRGdZ0aUMt','2017-12-23 02:42:35','2017-12-23 02:46:30'),(206,'Alexandra de Jesús Santos Caravantes','ajsantoscaravantes@outlook.com','$2y$10$2AzXj0Tt.ihVdElOWudk.eXMQTtyY42fLE0oNePN19htiwjH64IRa','zDTJYvXsjKpqikkUTJdPxKSGOQRD4IJNfXyyNAKHSPRdiycaRC7Som0iqNCF','2018-01-15 23:23:03','2018-01-15 23:27:12'),(208,'Ricardo Gómez Chávez','chavezricardo18@outlook.com','$2y$10$.3ZnbUgoQC0KIuqaxYXWc.1DZV9qk/1/04dUsrHkSxipFPJ/oSUz2',NULL,'2018-01-15 23:50:37','2018-01-15 23:50:37'),(209,'Luis Angel  Gomez Grajales','chivas_brean@hotmail.com','$2y$10$KsdhdLTrQpf59TVUT0iyS.NV1VvvhpcqFjDKcxCC04F8e4jyORpFq','HBKRcXNGsmH8sfUwXZYphvaGMKWnyl76q43gvMftqU9CI7onlBgBUJzPAZBp','2018-01-15 23:55:19','2018-01-15 23:57:03'),(210,'Shanel Daniela Reyes Palacios','isc_shanel_reyes@hotmail.com','$2y$10$U9becLWGIgfZlZLv8XAqZ.dbJEvV4e/1AiVjYO4FNfk3YSI1wWrfK','TZ9ckRsSk4xNHLXeKEdNabWmSI5i4C79HKQGBpvL0y67fBigSzxV6Mr5SR94','2018-01-16 00:13:00','2018-01-16 00:13:56'),(211,'Silvano Antonio Molina Pérez','silvano_94_@hotmail.com','$2y$10$8uiGofZuiX.zwC5OsAsfiOisEYZWVmovtTK0hdbygOBE7fufI3e6a','5vBUCstLPF4kJPSa2MBmcG1ZxzKCAF2XtM3xejp4RdnEsxQInNrtHyIp5BDX','2018-01-16 00:17:35','2018-01-16 00:18:21'),(212,'Manuel de Jesús Pérez Nango','manuelpereznango11@gmail.com','$2y$10$5PcxCtqjdVwT0OuqpQeIc..Q3HWl1yFoSG7ZoWAsjdjDf7ztUD5au','ah6i2dQVnwHj0yuSWx60dQf2qQbXoCOLAgYCDbemBx1yMi5BJJV1xBl5Ziwa','2018-01-16 00:38:28','2018-01-16 00:42:01'),(213,'Jorge Luis González Hernández','COLOCHO-2104@HOTMAIL.COM','$2y$10$8vj/Urgv19v76SW5Cen5QeNp4rhxsaicDryLGEt62YfecjJxNzQae','DE1mQXalQRaC7Yn9170ikdDAYpszBBqajHLEGRYkd51XjuiePBMvGhNYLHGG','2018-01-16 10:46:32','2018-01-16 10:49:23'),(214,'Hugo Alexis Viza Avendaño','hugoviza123@gmail.com','$2y$10$R.K4/dJcKJUr7BVo7t1iXOSz13/5WGPpK9yX0mHV2r7tBvzLHcOzK','3fZdOFsf0aqbcglnYnGlDvThBetaLffNgSKQIQlHwFD89zz4TZAqo4xsULWf','2018-01-16 11:00:09','2018-01-16 11:02:22'),(215,'Jesús Alexánder López Rosas','alexander.lr@outlook.com','$2y$10$OBwEvixZemy/OJghQ.DhM./V9iSPpPifLb5gXeSKoIt7uWtKIvjbG',NULL,'2018-01-18 02:08:36','2018-01-18 02:08:36'),(216,'Carlos Alberto Culebro Esquinca','cculebroes@gmail.com','$2y$10$XILch90L/dQ2tAFVlqcgreTOa2Qbt0QMnf6O.WSMzaq3QzOoenjeq','ZnT8kdIjR7IMnwqGPaKpDK2v8Tdi577K6ZQXXAUqsQLomfgnyHU4CYqXtpI8','2018-01-19 11:03:23','2018-04-15 08:00:15'),(217,'Esdras  Lopez','Exdraz_Lpz@outlook.com','$2y$10$6hhf9Oh/bjItRakjeKx1Qee6YNnuCLvK2PiKgrfmo9AN0D2N8GNg.','RniyItTMQmjgh1MsoTCUXdzD6fpjnvghdMhAFIME7I2JK0aRoHiZZBqtwGUm','2018-02-09 00:39:46','2018-02-09 00:51:54'),(218,'Esdras de Jesus Lopez','ExdrazKG@Gmail.com','$2y$10$wdQELT5pwOVMSsi/eAKjFetfKlm/AuKFnLlIRhdCCiU4cUXFkickK',NULL,'2018-02-12 23:36:41','2018-02-12 23:36:41'),(219,'Esdras de Jesus Lopez','cartel_13@outlook.com','$2y$10$Mo7pK6z4R096.f1cEV7JBOoC5/TqXSU8m.QNds/0IpfrS//vW7ikS',NULL,'2018-02-14 22:40:49','2018-02-14 22:40:49'),(220,'prueba','pandita_2104@HOTMAIL.COM','$2y$10$3uUxClx3NwThDEWp46mWpuf9rClluBcwDhw0G8Qx.Mr1atmn.FwHO',NULL,'2018-03-06 14:47:41','2018-03-06 14:47:41'),(221,'Esdras Lopez','Exdraz.Boss@gmail.com','$2y$10$2dhKyvPofCA5t2TqkS/lpuU/R8KsGBgWDJMv1Ssii4Gdw/k540Y0m','gGW99mUr0bm0q5Hh7q9ciKW1LF5HDPyICejQynJibFz71hJrNLLgQ3OzTRUe','2018-03-06 22:19:16','2018-03-06 22:35:18'),(222,'Jessica Yael Ovalle Estrada','ovalle278@gmail.com','$2y$10$kmdhzIUiC3q/27FXK1A0JOu2MoA2aR6hpZQluSHpxgtnG45UJJPSO',NULL,'2018-03-07 00:42:40','2018-03-07 00:42:40'),(223,'Héctor Iván Ramos Vazquez','tetor1900@gmail.com','$2y$10$HmXGXX8lZrZm/mfz1lH29OHpDy96zQGe1THyq40gy8GHzZfdSyFP.',NULL,'2018-03-07 01:12:38','2018-03-07 01:12:38'),(224,'María José  Reyes Guillén ','majoreyes4@gmail.com','$2y$10$ovhKVlz.zC.Owr/8tJAY1.vUUIa4nqCKUtcZCnCafb32AU7Wig5v2',NULL,'2018-03-07 01:22:06','2018-03-07 01:22:06'),(225,'Daniel Eliseo Valencia Reyes','odek_daniel@hotmail.com','$2y$10$h5WAN44Lto6nj.JZVabdBe89fAiQ8NZWQDLa3b2U/iWQW7OujNs1y',NULL,'2018-03-07 01:27:33','2018-03-07 01:27:33'),(226,'Mario Carlos Tovilla Gerardo. ','snake-eyes15@hotmail.com','$2y$10$xQnIwvqSMSHNaxCgJBTH3.A4IMMJH/rFtXDPmvrwrW2MvPfjGdQh2','DJiGLK9WeSmiSC1CQcrYIIb1P9Kw48IPiDiFht1nX7HAJTyCghhvPBhBJJjS','2018-03-07 01:29:08','2018-03-07 01:30:36'),(227,'William antonio Velázquez cuevas ','fire_blue_27@hotmail.com','$2y$10$M5ge.M1q.cCBEUZ9yvk1T.3bP5xderpO.tq3XOzaxmUMZ.lBQFiO.',NULL,'2018-03-07 01:29:25','2018-03-07 01:29:25'),(228,'Kenya  Tovilla Blanco','ktb1205@hotmail.com','$2y$10$AlN12aQEgaSmReFivAH0fOnGOyweUV6j9njJUvRH0VN9CVEvEsv9y','EsyL8Nnbq25tcV7jWvNNFsMQcfGGCbCtK5uH0T33v0tu3CORaxMVCwh0VjkS','2018-03-07 01:33:43','2018-03-08 01:07:39'),(229,'Carlos Fernando Rico Girón ','riicoo28@gmail.com','$2y$10$599L3iVTjovqcoCDqpoY0uxQSe06DwMSJCzjXc1QdbjxlJRo5pB4G',NULL,'2018-03-07 01:46:01','2018-03-07 01:46:01'),(230,'Miguel Angel Espinosa Aleman','michael_aleman93@hotmail.com','$2y$10$ve7aZcPQBNa6ODEpwMHiUeAJC8j4OPLP1reL70nH.KkMec5blKkOe','sSGu27I3TQv0YvK5eyWukVj7qKAfP2eKYVVNeklnDYyT1y6fZAXgLWMuIv1W','2018-03-07 04:49:54','2018-03-07 04:51:51'),(231,'Luis Fernando Moguel Jiménez ','luisfermj@hotmail.com','$2y$10$DRE2N.wk85XtIol31DvYyOZR9tNFYb9J7h0td/98JaTIDW9utuSW2',NULL,'2018-03-07 05:46:19','2018-03-07 05:46:19'),(232,'Reybel De Coss Mendez','reybel.dcm@gmail.com','$2y$10$98GlXUd27VFouS5VQXObieZtSwsfhKTESg/b1t.Fg4b5m7bxo/cnC',NULL,'2018-03-07 11:48:01','2018-03-07 11:48:01'),(233,'Reybel De Coss Mendez','decoss_1994@hotmail.com','$2y$10$AtBA72Lyt/R.RUL7GRpDQukHM/n8MzE/dXqGVDISFc.mOx2pWRWJy','sKVaLIhlXb0blJMPJS9l9IHhj2ZOg6FOy2nWqmORnVHprQSTaj3NNwwwrAOZ','2018-03-07 12:03:25','2018-03-07 12:25:40'),(234,'Miriam Yamasaki Aguilar','miriam-yamasaki@outlook.com','$2y$10$UV0IUa40D4f9acZYkkgNv.sKz.d.4UHgUuPJRlwIr48BaGsI96iM.','rwzDKhBlcOb8jCRLaWumrTpkdj6Rrt2JlVcbLRiRMLwYbbH9YFyOIyxyRIeN','2018-03-07 14:28:29','2018-03-09 12:38:54'),(235,'Juan Carlos López Gómez','j.c.l.g_123@hotmail.com','$2y$10$tzIrUh1AMGdiVBgjk1XwduOpm0oN4ld985P6X.XQEMnNKMNk.n8ry','QtQMVuJwnnLCotKBAvcx7eXLi63SOtBLc176GdPKZP0zxNzy2UwAUS9bkDs7','2018-03-07 23:35:26','2019-02-05 03:27:30'),(236,'José Daniel  Rosales Constantino','roco_daniel_34@hotmail.com','$2y$10$roIvdWOILsCKnkjqlRwyp.4FSgGjDM5OeO5PMOloqPr0aYlcwAfPa',NULL,'2018-03-08 02:16:23','2018-03-08 02:16:23'),(237,'Luis Fernando Cruz Torres','cruzfer@hotmail.es','$2y$10$iI4pInO82BakR8sjzFskOelcNVKuayWu3RaQe1gry7sZXTtnu4riy','lWzP00oHv7nc3XWxrvQVUkyREUPZ3etMVnCCowAYzZ5uCJMPXDvSen5yUFeL','2018-03-08 02:51:49','2018-03-08 02:54:04'),(238,'Luis Alberto Núñez Molina','luisnumo.94@hotmail.com','$2y$10$n/9rcSGql2WUEerQDZBaN.Su1pU5Y4Loj5gzmw.I1MC/zkgn2LHt.',NULL,'2018-03-08 04:03:18','2018-03-08 04:03:18'),(239,'Josué Renán Velázquez González','naner_2000@hotmail.com','$2y$10$a.JXVgisBPy57CBIWtCgYOUZv5a2gIdWOXAFGwd82UQvSwc0s3DE2',NULL,'2018-03-08 04:31:35','2018-03-08 04:31:35'),(240,'Eduardo Villaseñor Peñaloza','eduardo_vipe@outlook.com','$2y$10$Bs0QFCr5gbedZo4yQLJxs.pj2cfk9s.NE4xy9GOCm7IMmTqzB0E3K',NULL,'2018-03-08 04:33:54','2018-03-08 04:33:54'),(241,'Luis Eduardo Mandujano Velasco','lemv1995@hotmail.com','$2y$10$fRTfgZS4rhBDDALxXT52POxpkvTEjwwSoKmIS16cirjv75InaY/Qm',NULL,'2018-03-08 04:37:45','2018-03-08 04:37:45'),(242,'Miguel Ángel  De la Cruz Sánchez ','ingmigue10@hotmail.com','$2y$10$Wjx27kA4Q7rVMNmEF71SPeRKokpVKSf/HWzrS.dFdxI/zxlsI5imq',NULL,'2018-03-08 05:18:48','2018-03-08 05:18:48'),(243,'Diego Armando Córdova Morales','ingcordova2@gmail.com','$2y$10$LEaZmk98G2s/hFimO44vkOhet5621n1TnljvkNMtWwbHxVLD1wtZS',NULL,'2018-03-08 10:44:49','2018-03-08 10:44:49'),(244,'Rodrigo Emanuel López Sarmiento','lopez_sarmiento@hotmail.com','$2y$10$V2PDX3JwqDEMJW2gSN5v5Oy.hpjKHERQsNBLV48cK54u08m2J8AMi',NULL,'2018-03-08 22:32:21','2018-03-08 22:32:21'),(245,'Sergio Osbaldo  Dominguez Ramirez','osbaldo93dominguez@gmail.com','$2y$10$TH4e0aXUuKBwYxjaU1tTCupcWbH7kad28GVNUWL331A3pekSgePi.',NULL,'2018-03-09 02:35:01','2018-03-09 02:35:01'),(246,'David Alfredo Ley Chang','ley.chang@hotmail.com','$2y$10$FIJvwIP3rgJxD/nrPCbSuuSHkqO7XYT1xDwPDX7UpEJASmIcKlnjq',NULL,'2018-03-09 08:33:47','2018-03-09 08:33:47'),(247,'LUIS RODRIGO PEREZ GOMEZ','aramiz2292@gmail.com','$2y$10$ziw8d2zCLDkQcKLWc/VsgOmD1FEzPbB2O.SoOcFioXnUpUNvhO74.',NULL,'2018-03-09 10:59:30','2018-03-09 10:59:30'),(248,'Rafael Alberto Martínez Méndez','martinez_brg21@protonmail.com','$2y$10$lyGuyS/IXgoAD7IpA2uHQuBF8l4TnGMyFhh2jY6YiJwyOkFDlHtwS',NULL,'2018-03-09 11:37:45','2018-03-09 11:37:45'),(249,'Erick omar  Leon salazar','erickleon@outlook.com','$2y$10$bUL46KPV5KeU7s1irCJqhekkp4dl4Gq1CxLyuEFRtGroaT.OglsVK',NULL,'2018-03-10 10:43:00','2018-03-10 10:43:00'),(250,'Edgard José Díaz Tipacamú','josgard94@gmail.com','$2y$10$W1m5LdlKBA8F/96xZQwjDeB11r7zcuq20Dpp/YCodDbMiZxJnE0KG','yn6wwwsC2TgNRhNsJFfD4VPq1BGcj1cvtZMh4haPNwj6bhn5DzXkjIjKCPSG','2018-03-10 12:20:49','2018-03-11 02:13:37'),(251,'Jesus David Castillejos Rosales','jesusrosalesisc@gmail.com','$2y$10$aG1IoVGeRheGX69it6aTfetVjw69CEL5q0/dFQgcL4Ev.p3NFV9PC','uTGAfcY7gAGSBU7UIWVD0fM5OBxkcuJaP77wb62WJr2DscsCCsBl4YU2oyIl','2018-03-10 22:10:22','2018-03-10 22:11:36'),(252,'Jorge Isaac Camacho Chicati ','jorge_Isaac_957@hotmail.com','$2y$10$4DNZ/wjFAfXNOwSmJQsHSeLRdUpwq7y/eY/ErwkrJl25mTUkuM24C','e0cpcPXvuPFVJaU4kRXqqLD07YBNgCphe4FAjWVR5cBHo5m48IVIXSgHaJ94','2018-03-11 12:05:22','2018-03-11 12:23:32'),(253,'Francisco Daniel  Ruiz Hernández ','francisco.daniel.ruiz.hernandez@hotmail.com','$2y$10$URjUAgIw1l29LbFJ5OOgQeVSh6hWEaix/feJn0l2ZuvEW0b1aI4Cm',NULL,'2018-03-12 04:21:13','2018-03-12 04:21:13'),(254,'Edgar Eduardo Sol Alfaro','solalfaro1@hotmail.com','$2y$10$kDuWmUpmLh3Ve639UXeud.guxpEGci/xxL7TSDZ.FHsuKQyjTowCy',NULL,'2018-03-12 23:27:43','2018-03-12 23:27:43'),(255,'Josue Ivan Moreno Borraz','jimb.05.jimb@gmail.com','$2y$10$Iq1CwZYASQ6ErYpxHNSzHeczXVul1N3yu7GCvDcP6.IpEfpcZ2phy',NULL,'2018-03-13 22:23:22','2018-03-13 22:23:22'),(256,'José Omar Lopez Gomez','joseomar_2905@hotmail.com','$2y$10$uA/9Qp0IDuwYEZy/wSK/C.h2W1vzHqz8DCT14yKI92fdjmWHX4xcC',NULL,'2018-03-14 00:55:25','2018-03-14 00:55:25'),(258,'Manuel de Jesus  Perez Nango','manuelpereznango.1@outlook.com','$2y$10$GhchrvCf4wrkSO11FI2cI.pLDp5wu8hrhfU8.pT4ZdD5KYPJEqHpe','tcOPjHqO6H5Yyc2Kk8r5M0EICF4QvGPMuv6wvME37TEzHgdVIyKCA6QF10DH','2018-03-20 18:31:13','2018-03-20 18:33:13'),(259,'Carlos Fernando  Rico Girón  ','ricogiron1@outlook.com','$2y$10$B5f363NWwWJyLBvw//wHz.2KHwnTYzpjaq/R1ijbO9qqrangpm5D.','hnVyz7N3S9JMx93ZLiAzj3KzM6EhEtTMZV1kghsbSThcCRF0norj9zyGRvmV','2018-03-20 18:35:39','2018-03-20 18:39:14'),(260,'Mario Carlos  Tovilla Gerardo','tovillagerardo.1@outlook.com','$2y$10$w8Ad0cGaGrs1FMtNZhqxwOBeWm7qZNajqh0qZtdmZ6Br0KNkn582i','gcPfOpz9HkNNIwWbAoUivrlxP39ibXk1JuuLCc0ERNZfN7Asl4Hhh8afjmat','2018-03-20 18:41:56','2018-03-20 18:44:29'),(261,'José Daniel   Rosales Constantino ','josenadiel.1@outlook.com','$2y$10$34rkq4VMCeAd93BG.hStoetzSNDFDCvtmNslGD9dtB7ix3LnucDPa','jutU7jMUkNZBhLC20A7cIxOqvp3wcgw2899tVR4LmVPuenQHnvzJugkjeQBz','2018-03-20 18:53:53','2018-03-20 18:55:08'),(262,'Roxana Rodriguez Roque','rodriguezroque.1@outlook.com','$2y$10$nl1OwoxCeZKQaSfXhhlSO.nqTidqIrTeTApzbo9S6S4WglEPhiLpi','MeieoSariqWeKKMsFjUrzcaNWqdP5r45aO8j2AEYQfYo2dsVFmc8vHFd61Rw','2018-03-20 19:00:58','2018-03-20 19:02:16'),(263,'Carlos Alberto Ramirez Escobar','ramirezescobar@outlook.com','$2y$10$WBrRiIcZVVDmOF9T9Tfz1OjIu.LxkSddLCs/1EMrUEp5z9uABlEoq','oKkGPFtj3OY8TGroDe0zfWSs15I0nmr5k4cVdErzthBdjaipmviYsC7DSIWl','2018-03-20 19:04:28','2018-03-20 19:06:01'),(264,'Edgar Amauri Alfosa Martinez','alfosamartinez.01@outlook.com','$2y$10$ChS4XbsM4tlOORrVe3CemuhAPAUZJ.CJZpW5Lx1KD57cDE.jCDhfO','JDOseQEb78i8YCUoqL4j8fQtCUhyUM586vBGBSjjDg1LdSP6MdBHny4JcCdD','2018-03-20 19:08:39','2018-03-20 19:10:00'),(265,'Emmanuel Chacho Avendaño','chachoavendano.1@outlook.com','$2y$10$VPJERwwpkURZOvApr28tI.YxdLGq6RdzakkvS1xCZma1pfbBAxdM2','oNwLTzfdoF08NdksmGHPamVVnp5D9HeSWsWG8cy7E3co0IPiYeXpU4FjbpA6','2018-03-20 19:13:11','2018-03-20 19:17:08'),(266,'Alejandro Adrian Espinosa Lopez','espinosalopez@outlook.com','$2y$10$aPh3B/QW9yvmwVqWr.76LOSbS8EgJMsWFpTIsC1HVcMHNwaZCbXmO','evdFYHrZTmf954pzC2hDMLWJNcCCKCqvIBZgWSMhw12XqnlmajosxKEbW5JW','2018-03-20 19:19:09','2018-03-20 19:22:46'),(267,'Yael Aguilar Alegria','aguilaralegria.1@outlook.com','$2y$10$rgH34Df6OXh6.Lc3R1.Ene6oVmyIh8FBba90kn9G02ooQgbAQ3bCW','QWPJSlsgTtv7kzZ7838B03rFNzPTiIUPVsjjYbSl6t86ExDOCusJZSX5DfcQ','2018-03-20 19:24:54','2018-03-20 19:26:16'),(268,'Edgard José  Díaz Tipacamú','diaztipacamu.1@outlook.com','$2y$10$NKZ0XeWybm4TtPPExWFj3uk2Xtt1tjozNDsJlXoH3K1kY6Lg7eoDi','Lj0sC4XCoeQVnx6pQqGVN7FIkq3gkNXXwzxTxdwpxA3hZTMa48lPOPjPIsrA','2018-03-20 19:28:46','2018-03-20 19:29:59'),(269,'Reybel  De Coss Mendez ','cossmendez.1@outlook.com','$2y$10$sRzG9ZbkUObq/dk83GcQDur1CYy/IB/aGFW3zTE8umTUNBvJhDi0q','K55T9JmJugN4Cc9SY620UvfzMT2RoB1BiiYrQemlXdj3FTXUeVM9xYtfVhZw','2018-03-20 19:32:11','2018-03-20 19:32:57'),(272,'Luis Alberto  Corzo','luiscorzo_edu@outlook.com','$2y$10$5jG5FwjaTw0gqz2PgVmi8OoAt6YvJp70QUCgX1a0xjJkwD4.QDu8u',NULL,'2018-09-12 08:41:32','2018-09-12 08:41:32'),(273,'Carolina  Hernández López ','caritoh704@gmail.com','$2y$10$ATFk1vkFHMuRV0W2C6C8zeJZtGS4KbV.P9OujIe.Zz8AMLsCP/v3m','NLsTDaDAcg3UweUgU86yuwT8QzbDogLYzBI9pCXGfsSsyS88NlFD82ZmhW6H','2018-09-13 03:24:45','2018-09-13 03:30:59'),(274,'Rachel  Hernández Maza','soyrachelhm@gmail.com','$2y$10$Fkw0CUQDhs3k14yecRkeJeKGJXX44X2lLH2xnkMAIu68oWG8h7uCK','N8UUJJGgTzxHIukrudDDLgowkqEqltGzk3BubTBpo5dNT0pbUN6Lj3TGQS9l','2018-09-13 03:38:12','2018-09-13 03:40:43'),(275,'Cynthia Selene  Hernández Jiménez','cynthia_selene@outlook.es','$2y$10$EK77xelwn8AJMCETO3Ub5.JX8wFcPK1.qQQjlOH1qMoiVh0QbeSBe','9j3WNYvjyqvQt3cXf5AJyUZzgLOWLexHxEo4gt0bZFoElKoj9g3fyumBjUoO','2018-09-13 03:52:47','2018-09-13 03:54:09'),(276,'Juan Jose Oceguera','oceguera.jjo@gmail.com','$2y$10$DSJvLx6yfg4orsfIHEjF/.RAeQ8OgBfDHLOXJrESCCkkXSrxboTgO',NULL,'2018-09-13 19:56:18','2018-09-13 19:56:18'),(277,'Patsy Yuridia Nataren Zavala','chicas_pumas16@live.com','$2y$10$PPabsUEy45k6PdH4NEY46uWZzsa8AJ17/y72NzMsiicotUTQvpWei',NULL,'2018-09-14 11:07:46','2018-09-14 11:07:46'),(278,'Guadalupe Rubí  López Gómez','gpe.rubi.lopez.gomez@gmail.com','$2y$10$HvBt2UquOXUCe8SL77YVMOEvVK13u45QByfPpo6a6WKmmteUPgM.i',NULL,'2018-09-14 12:43:33','2018-09-14 12:43:33'),(279,'david reyes hernandez','anonim_dark18@hotmail.com','$2y$10$z62dEZoaLgOj9q9L1BuCO./3yWBAh1jhzNSSb/kJ3hFTXvXJkIDqG',NULL,'2018-09-15 01:25:03','2018-09-15 01:25:03'),(280,'Oscar Eduardo Velázquez Pinto','oscar.eduardo94@outlook.com','$2y$10$CrG6NzH6loNV305qI9/hde05rDy5NQ5tSRnNn07q9zn2eQs9Dl6YS',NULL,'2018-09-15 01:29:38','2018-09-15 01:29:38'),(281,'Fernando Hernandez Jimenez','fernando_hdz05@hotmail.com','$2y$10$jSqpZ/aPzQ7pE/rIzZA40e37Rrqhk87YsdusM0y6M.OW0sQtQErmm','kKPFCZeyUKvTAubE4Ij8OCfKsb5ihpZIGfIYU3lX6PWuV0EiboKmLLOVttc5','2018-09-15 20:04:23','2018-09-15 20:07:41'),(282,'Daniela Karina Hernández Pérez','dkhp94@outlook.com','$2y$10$zch.Ya6HojEJI36Zc2W2nOvQb7OeSNL33OX4cZkgxxe0UxPamsv9i','aay5XjqiLLOFGH6r3SwHIz53Hf7230FCcW5msSM2WRhcCXPPmAdlFD57zRSO','2018-09-16 08:26:36','2018-10-16 08:54:58'),(283,'KERWIN ANDREY MORENO GÓMEZ','kerwin.andrey.mg@gmail.com','$2y$10$U/KU3JNsv6u9c.f/5BnAM.mJaXiWgbXBNhtNXys1oGx9TSAcU9ane',NULL,'2018-09-17 10:28:38','2018-09-17 10:28:38'),(284,'Yessica  Ruiz Cañaveral','yessicaruiz750@gmail.com','$2y$10$Uu9CrFC3XYkfj57zCcY9SuwTRqzFHAi4P.jd6leZkOx.pqbquQll2',NULL,'2018-09-17 10:40:09','2018-09-17 10:40:09'),(286,'José Mauricio Hernández Coutiño','mcoutino08@gmail.com','$2y$10$mCrJGfzwEPZEM4lakworB.wwpKWFU7rRLjUSLvPorlY8AAURlB6OS',NULL,'2018-09-19 00:18:35','2018-09-19 00:18:35'),(287,'Francisco Javier Sánchez López Sánchez López','pacoamerica_01@hotmail.com','$2y$10$XcCCzkBSfS6ErnHzJzwEZeSlTbMDc7QZHDX1fIGCFlfv3tpOmCoAG',NULL,'2018-09-21 02:16:20','2018-09-21 02:16:20'),(288,'Jhovany Morales Bruno','jhovanymb.info@gmail.com','$2y$10$6.BEtGz9r.mWCisY3fPjEeDHxtqBgUhif3sqkSl9rMQVbvQjsFs.m',NULL,'2018-09-21 03:42:52','2018-09-21 03:42:52'),(289,'Juan Martín Hernández López','martinrec03@gmail.com','$2y$10$dCw55rp9jqu.DQNZL3K6uewMabpaCQt3a.dzkY/eAZb8/Exy4jgdC','IqTSFWLJgxwAo5VRWs7B5lneSuCoIxkiJdQ5txbbHHY7jnMXAoC3nxrImpD6','2018-09-22 10:12:03','2018-09-22 10:15:24'),(290,'jose luis  chacon banda','jlchacon82@gmail.com','$2y$10$Cp3Rj8W6hgUtuwk75cuUMeuSofyFbNzsbW/f4p3vk3bWnMCwZcRje','lbMK0ekR3HcB8P7U8aH4cn3vaYdWFjAi4sSFVPgwoAElwB99n1MV2XoJAW0y','2018-09-22 23:45:45','2018-09-22 23:47:07'),(291,'RODULFO JOSSELIN  CULEBRO LOPEZ ','rodulfuculebro08@gmail.com','$2y$10$HM693.jrhokMbPOJaiJmIuGGzsUuae.YBqg4LjaNGL/b7Ul0ThhAS',NULL,'2018-09-25 11:09:46','2018-09-25 11:09:46'),(292,'Victor Omar Gomez Roman','vicgroman94@gmail.com','$2y$10$ndbv6/EjmWp7JA2.fOSon.ZwRbixr7UsWWLgXlke4f97WfuSJZaGW',NULL,'2018-09-26 22:41:52','2018-09-26 22:41:52'),(293,'Luis Gerardo dominguez  nucamendi','r3uz12@hotmail.com','$2y$10$9uuu9rYfn8rX6.qn7rkfDOAbPVfCvUr0OakKf2rZ63uJu4Wex2X9e','2hexRR58mMVHaUP7lQubDBBtdRfsmJZeHNPulYswE9O5oijTFnwDlwoZndb7','2018-09-28 09:18:22','2018-09-28 09:25:20'),(295,'Carlos  Osvaldo  Mijangos Farrera ','carlosmijangos2302@gmail.com','$2y$10$w4zsC7heTv7u2HYfuYRX7eH/LKTRuAoQTEIi2NFROvCISAlx2PVKe','iqwaQrR87ISS4RqE8Sv2KI9JztUWkUx27lugT5oavNk0DYEgVg0onBA6oxW1','2018-10-04 07:47:09','2018-10-04 07:53:04'),(297,'Edgar Ubaldo Morales Cortes','edgarmc100@gmail.com','$2y$10$sgk8JtdOrhHC27rZNKVK1uOrOZ4nTscXzoOUC.zJKq5Uzr1yPMUK2','tuba2a8tLK01TeCJe0ujt15PhoHq3Kxz4wzSgrSE4ETlHKDDlIBfavR0oDBy','2018-10-04 07:55:51','2018-10-04 08:00:27'),(298,'Santiago Alexis Hualvs Mendoza','sahm_07@hotmail.com','$2y$10$P9QrTMecndfC/4JIZEGgleZmJrOncgeey.o5gLmM5S4VqHykJdA9K','nSWjiDu3Dsj9NGH267GSkKByM7Y6uGrx1Aay6HWQf6Zh7gm4t0AQwpxBkdgs','2018-10-04 08:03:07','2018-10-04 08:05:01'),(299,'Luis Javier  Vazquez Estrada','ingesistemas.javier@gmail.com','$2y$10$vFXE4ZI24uMuRi4lugS7c.3XQ9wHusc/FBSHwogOZ/5eEgOC9zbk6','O6cXwduGjC3rbwVStpEyWlnpyrgyaqTf0fPUIlHqbQBzuMG7pLIpGvut5I2V','2018-10-04 08:08:05','2018-10-04 08:09:10'),(300,'Jose Cristian Perez Morales','perezcristian55@gmail.com','$2y$10$5YOgoWFGjnP4d3LnaHzDZO1xeq5RT1ZzsgFPtpT3ktbJ7WnDy0m1K','slFCmcHr7yj02sKVJchfxUWjS7abdIdZxu8ViIpHoUZy0VBHICwwwJ3cqTr1','2018-10-04 08:12:37','2018-10-04 08:13:46'),(301,'Victor Manuel Solis Gordillo','victormanuel1116@gmail.com','$2y$10$TuF/gz5z7eayhMvkDLWMheU7Tsu.hba3WSu1kABBhSzpFk86TgGh.','ir9Y3cNwDpr29XmkgeosWggaTWha9pbngSIr9Oe9LIJYQyAbO6mlPLqREkLU','2018-10-04 08:16:33','2018-10-04 08:17:25'),(302,'Vidal Ulises Jimenez Tamayo','ulises.jtamayo@gmail.com','$2y$10$B9X/0tzIfQER0LDsV3gzLeyTqEofcylbxlmd93hdN0RyzTFKSTTta','KGJIn4MwQJdW4AGL7CCIQ4M2wOSOd3gqj9dzZwVjV0VMc1gpyhI47zaKOjJU','2018-10-04 08:24:07','2018-10-04 08:26:53'),(303,'Armando Villareal Avalos','villavalos40@outlook.com','$2y$10$RJLmRSfWwJygIv.BNHqjA.uCJW1/pFAulQMFD2P1XpGNrO4ITTYPW','bMjP2QvhbL4lLcRLu8nrpEJpoh2yUcPvnbanzqXWpLQHa7blCeRxQrzjtjGq','2018-10-04 08:29:03','2018-10-04 08:30:06'),(304,'Flor Emilia Ocampo Alcazar ','asple24@hotmail.com','$2y$10$WIy8U2VdHJGVFJInju8zkueTS6qvT84Gphwt/QT1bxgjDxvNtH3xa','VDO2HqTdNvNuKLAgnpmRCjKGEES0cbtz2TUJCAkpMFcXJzSI0JobEWkqWMhD','2018-10-04 08:33:50','2018-10-04 08:34:40'),(305,'Dulce Ariadna  Avila Antonio','dulced94@gmail.com','$2y$10$wp5ngjEui2JOn99Swy6bx.gf5jm5jt7oorfUpM5p0WEPd7skdYMDe','G2UWJFIoS4I1NHtCNkxuJZ0b6l56OncsgfVRgqyw4VTi0MBeUOO2APEoK8g9','2018-10-04 08:38:05','2018-10-04 08:39:12'),(306,'Jorge Hiram Llaven Velazquez','j.hiram872@gmail.com','$2y$10$86OMKJeVFeH1Qrf7mtEdNOYG4FHWHeVs1ubzfXGV2hCGKfPRij8fe','203u8cdKuBIY9tvucdHEgKTd97BU7HXW8VjAHlUcFrcq6C5XAfx9i5pBBBJD','2018-10-04 08:41:54','2018-10-04 08:43:03'),(307,'Babel Karla Santana Herrera ','lis_hita_19@hotmail.com','$2y$10$sf./l9lmX1q7ZNDL0sO3sOa2iN8aGBggZyofwobLqnl5I1EjTrqPO','LW7CbMjQD9yTLRAyfVriXjZOsPJoZKbAP4f9yOg3Azp7W8HMk0iP06cgyY9d','2018-10-04 08:46:22','2018-10-04 08:57:34'),(308,'Elver  Hernandez Lopez','elverhlzz@gmail.com','$2y$10$QhqlCn59ZUoruKYBL/jBiud93StDq4CzqgAKG0iVUr5rdHynGDvIy','LF21ICQzQgYn2upiyiROyu085Jkf4kWVaXGjEujc8IIQf6DaONObpvfO1eWo','2018-10-04 09:00:50','2018-10-04 09:01:38'),(309,'Jose Jaime  Molina Navarzi','jimyjjm@hotmail.com','$2y$10$7Rig9Q4VBVku/fDYulKkC.uyWofyZQVRjij5RrLo/X6jZpx13hKEm','NRunm7mMlWGJWpj88cmKOr661QvAD0bepv1eJXMLVVsxm8U9h6xAFc7Ilvys','2018-10-04 09:06:28','2018-10-04 09:07:02'),(310,'David Reyes Hernandez','dreyes94418@gmail.com','$2y$10$3hldeZeesMt9Uajh7A8VcuSLfW2VQ4tnIY51fOwQgsTxU0Akp0ljG','5rusgIdhaYUXDiILJeUoPTeexChNLBBnNOnPj1FDPhkGZA8ZFxJBEfr4zStO','2018-10-04 09:09:35','2018-10-04 09:12:23'),(311,'Luis Javier Valencia Ramirez ','javier_lujavar@hotmail.com','$2y$10$sz7TXllt5JGUOymyg9R7QeOKbU/tDttsXjDZ6ao/3CJxogOnSK.EK','AmlQ6RVeYkiAozw8GDFDhwLCGqMmvznKSDsKaa0SPapiEwTYaJ8NzBpLgaD5','2018-10-04 09:18:04','2018-10-04 09:19:15'),(312,'Dilan Alexis Martinez Lopez','dylan_crash@l.ve.com.mx','$2y$10$D4XASEq0RKzpv92WmwwjaulXRaW1yhn4Y51Hl4blURADLjK.MxiL6','B1SbwYHptcYBnFLtIBYKZTsoRecdVMsnzonXfFMT7dimVAE9lYYBmg8FfJEd','2018-10-04 09:33:14','2018-10-04 10:04:19'),(313,'Neyser Daniel Gomez Vazquez','dneysergomez@gmail.com','$2y$10$uO2v8LpPcqGAK0LdqUYKWO4sEpRf5X9Sq9uUh2ywb1bl2aslCdUeW','Uc7osib8apikJ3rsLt2K8FZ9fmdhGlwhUuu9P0ghzkTnBlhlKtTjxMATJKlp','2018-10-04 10:06:16','2018-10-04 10:11:16'),(314,'Francisco Javier Lopez Suarez','FranciscoJavierLopezSuarez@outlook.com','$2y$10$sSDZghaWfO58nom3LrQ9VeYRBoDRa1f5iX7fvRn.gNmV42BtMm99y',NULL,'2018-10-04 10:14:51','2018-10-04 10:14:51'),(315,'Sergio','ssandoval@cid.mx','$2y$10$dup69DyEgDeQR9JbZr8NEeSOhgTe.JoLl1HhUR4H/gTyE7HLCpMXa',NULL,'2018-11-09 23:08:06','2018-11-09 23:08:06'),(316,'TEST TEST','test@test.com','$2y$10$jCmXgK0m1HQ4ZgpkFMFv9O35sBU/WXpDswNmlg5CEHMF8YPoZ/k5G','hPY1pbDnP2MXWoriLYN6N3BeFDTamp988aGkK0ECXE7ikGz0ggw3hnZ5dVBN','2019-02-13 06:03:25','2019-02-13 06:04:55');
/*!40000 ALTER TABLE `users` ENABLE KEYS */;
UNLOCK TABLES;

--
-- Table structure for table `vacancies`
--

DROP TABLE IF EXISTS `vacancies`;
/*!40101 SET @saved_cs_client     = @@character_set_client */;
/*!40101 SET character_set_client = utf8 */;
CREATE TABLE `vacancies` (
  `id` int(10) unsigned NOT NULL AUTO_INCREMENT,
  `position` varchar(255) COLLATE utf8_unicode_ci NOT NULL,
  `task` varchar(255) COLLATE utf8_unicode_ci NOT NULL,
  `abilities` varchar(255) COLLATE utf8_unicode_ci NOT NULL,
  `area` varchar(255) COLLATE utf8_unicode_ci NOT NULL,
  `salary` varchar(255) COLLATE utf8_unicode_ci NOT NULL,
  `contact` varchar(255) COLLATE utf8_unicode_ci NOT NULL,
  `phone` varchar(255) COLLATE utf8_unicode_ci NOT NULL,
  `email` varchar(255) COLLATE utf8_unicode_ci NOT NULL,
  `period` varchar(255) COLLATE utf8_unicode_ci NOT NULL,
  `avatar` varchar(255) COLLATE utf8_unicode_ci NOT NULL DEFAULT 'default.jpg',
  `company_id` int(10) unsigned NOT NULL,
  `created_at` timestamp NULL DEFAULT NULL,
  `updated_at` timestamp NULL DEFAULT NULL,
  PRIMARY KEY (`id`)
) ENGINE=InnoDB DEFAULT CHARSET=utf8 COLLATE=utf8_unicode_ci;
/*!40101 SET character_set_client = @saved_cs_client */;

--
-- Dumping data for table `vacancies`
--

LOCK TABLES `vacancies` WRITE;
/*!40000 ALTER TABLE `vacancies` DISABLE KEYS */;
/*!40000 ALTER TABLE `vacancies` ENABLE KEYS */;
UNLOCK TABLES;

--
-- Table structure for table `vacancy_admins`
--

DROP TABLE IF EXISTS `vacancy_admins`;
/*!40101 SET @saved_cs_client     = @@character_set_client */;
/*!40101 SET character_set_client = utf8 */;
CREATE TABLE `vacancy_admins` (
  `id` int(10) unsigned NOT NULL AUTO_INCREMENT,
  `position` varchar(255) COLLATE utf8_unicode_ci NOT NULL,
  `task` varchar(255) COLLATE utf8_unicode_ci NOT NULL,
  `abilities` varchar(255) COLLATE utf8_unicode_ci NOT NULL,
  `area` varchar(255) COLLATE utf8_unicode_ci NOT NULL,
  `salary` varchar(255) COLLATE utf8_unicode_ci NOT NULL,
  `contact` varchar(255) COLLATE utf8_unicode_ci NOT NULL,
  `phone` varchar(255) COLLATE utf8_unicode_ci NOT NULL,
  `email` varchar(255) COLLATE utf8_unicode_ci NOT NULL,
  `period` varchar(255) COLLATE utf8_unicode_ci NOT NULL,
  `avatar` varchar(255) COLLATE utf8_unicode_ci NOT NULL DEFAULT 'default.jpg',
  `user_id` int(10) unsigned NOT NULL,
  `created_at` timestamp NULL DEFAULT NULL,
  `updated_at` timestamp NULL DEFAULT NULL,
  PRIMARY KEY (`id`)
) ENGINE=InnoDB DEFAULT CHARSET=utf8 COLLATE=utf8_unicode_ci;
/*!40101 SET character_set_client = @saved_cs_client */;

--
-- Dumping data for table `vacancy_admins`
--

LOCK TABLES `vacancy_admins` WRITE;
/*!40000 ALTER TABLE `vacancy_admins` DISABLE KEYS */;
/*!40000 ALTER TABLE `vacancy_admins` ENABLE KEYS */;
UNLOCK TABLES;
/*!40103 SET TIME_ZONE=@OLD_TIME_ZONE */;

/*!40101 SET SQL_MODE=@OLD_SQL_MODE */;
/*!40014 SET FOREIGN_KEY_CHECKS=@OLD_FOREIGN_KEY_CHECKS */;
/*!40014 SET UNIQUE_CHECKS=@OLD_UNIQUE_CHECKS */;
/*!40101 SET CHARACTER_SET_CLIENT=@OLD_CHARACTER_SET_CLIENT */;
/*!40101 SET CHARACTER_SET_RESULTS=@OLD_CHARACTER_SET_RESULTS */;
/*!40101 SET COLLATION_CONNECTION=@OLD_COLLATION_CONNECTION */;
/*!40111 SET SQL_NOTES=@OLD_SQL_NOTES */;

-- Dump completed on 2019-03-11 23:27:06
